rna_idx,drug_idx,label,split
0,0,1,train
0,9,1,train
0,10,1,train
0,11,1,train
2,0,1,train
2,13,1,train
2,14,1,train
2,15,1,train
3,0,1,train
3,10,1,train
3,16,1,train
5,0,1,train
5,9,1,train
6,0,1,train
6,5,1,train
6,8,1,train
6,9,1,train
6,16,1,train
6,20,1,train
6,21,1,train
6,22,1,train
6,23,1,train
6,24,1,train
7,9,1,train
7,13,1,train
8,0,1,train
8,5,1,train
8,8,1,train
8,10,1,train
8,13,1,train
8,18,1,train
8,19,1,train
8,25,1,train
8,26,1,train
8,27,1,train
8,28,1,train
8,29,1,train
8,30,1,train
9,0,1,train
9,1,1,train
9,5,1,train
9,6,1,train
9,7,1,train
9,14,1,train
9,17,1,train
9,19,1,train
9,31,1,train
9,32,1,train
10,9,1,train
10,13,1,train
10,28,1,train
11,5,1,train
11,9,1,train
12,0,1,train
12,9,1,train
15,9,1,train
15,13,1,train
16,0,1,train
16,6,1,train
16,9,1,train
16,10,1,train
16,17,1,train
16,36,1,train
16,37,1,train
17,0,1,train
17,1,1,train
18,5,1,train
18,18,1,train
19,0,1,train
19,10,1,train
19,18,1,train
19,39,1,train
22,5,1,train
22,9,1,train
23,0,1,train
23,3,1,train
24,0,1,train
24,1,1,train
24,17,1,train
25,0,1,train
25,1,1,train
25,3,1,train
25,7,1,train
25,9,1,train
25,10,1,train
25,17,1,train
25,22,1,train
25,38,1,train
25,43,1,train
26,0,1,train
26,5,1,train
26,44,1,train
28,5,1,train
28,17,1,train
28,34,1,train
28,45,1,train
29,39,1,train
29,46,1,train
30,5,1,train
30,9,1,train
30,10,1,train
30,30,1,train
30,47,1,train
31,10,1,train
31,48,1,train
33,0,1,train
33,6,1,train
33,50,1,train
33,51,1,train
33,52,1,train
35,0,1,train
35,1,1,train
35,3,1,train
35,52,1,train
36,0,1,train
36,3,1,train
36,5,1,train
36,13,1,train
36,50,1,train
36,52,1,train
37,0,1,train
37,3,1,train
37,5,1,train
38,1,1,train
38,38,1,train
38,52,1,train
39,0,1,train
39,5,1,train
39,52,1,train
39,56,1,train
39,57,1,train
42,0,1,train
42,1,1,train
42,5,1,train
42,10,1,train
42,16,1,train
42,18,1,train
42,19,1,train
42,32,1,train
42,34,1,train
42,50,1,train
42,53,1,train
42,54,1,train
42,55,1,train
42,59,1,train
43,0,1,train
43,60,1,train
43,61,1,train
44,0,1,train
44,5,1,train
44,16,1,train
44,18,1,train
44,23,1,train
44,57,1,train
45,3,1,train
45,7,1,train
45,13,1,train
45,17,1,train
45,52,1,train
46,0,1,train
46,7,1,train
46,16,1,train
48,0,1,train
48,5,1,train
48,10,1,train
48,34,1,train
48,52,1,train
49,10,1,train
49,19,1,train
49,62,1,train
49,63,1,train
50,10,1,train
50,19,1,train
50,62,1,train
50,63,1,train
51,3,1,train
51,7,1,train
51,13,1,train
51,52,1,train
51,57,1,train
53,0,1,train
53,64,1,train
54,5,1,train
54,13,1,train
55,0,1,train
55,1,1,train
55,6,1,train
55,7,1,train
55,9,1,train
55,13,1,train
55,31,1,train
55,52,1,train
55,57,1,train
56,6,1,train
56,13,1,train
57,1,1,train
57,13,1,train
57,26,1,train
57,52,1,train
59,5,1,train
59,9,1,train
59,13,1,train
59,26,1,train
59,34,1,train
59,52,1,train
59,57,1,train
60,1,1,train
60,52,1,train
61,1,1,train
61,52,1,train
63,9,1,train
63,13,1,train
65,1,1,train
65,5,1,train
65,52,1,train
66,1,1,train
66,5,1,train
66,13,1,train
66,18,1,train
66,52,1,train
66,65,1,train
67,1,1,train
67,52,1,train
68,5,1,train
68,33,1,train
68,66,1,train
69,0,1,train
69,1,1,train
69,5,1,train
69,9,1,train
69,10,1,train
69,13,1,train
69,16,1,train
69,18,1,train
69,26,1,train
69,30,1,train
69,52,1,train
70,1,1,train
70,18,1,train
72,0,1,train
72,13,1,train
73,0,1,train
73,1,1,train
73,3,1,train
73,5,1,train
73,7,1,train
73,16,1,train
73,38,1,train
73,53,1,train
74,0,1,train
74,1,1,train
74,5,1,train
74,6,1,train
74,8,1,train
74,9,1,train
74,10,1,train
74,18,1,train
74,19,1,train
74,26,1,train
74,31,1,train
74,32,1,train
74,37,1,train
74,40,1,train
74,48,1,train
74,52,1,train
74,53,1,train
74,54,1,train
74,55,1,train
74,57,1,train
74,59,1,train
74,67,1,train
74,68,1,train
74,69,1,train
75,5,1,train
75,18,1,train
75,26,1,train
75,65,1,train
75,67,1,train
75,70,1,train
76,0,1,train
76,1,1,train
76,5,1,train
76,7,1,train
76,13,1,train
76,18,1,train
76,53,1,train
76,54,1,train
76,55,1,train
76,56,1,train
76,71,1,train
77,13,1,train
77,18,1,train
77,34,1,train
77,38,1,train
77,53,1,train
77,54,1,train
77,55,1,train
78,1,1,train
78,52,1,train
79,1,1,train
79,52,1,train
81,5,1,train
81,10,1,train
81,13,1,train
82,1,1,train
82,10,1,train
82,52,1,train
83,0,1,train
83,5,1,train
83,6,1,train
83,13,1,train
84,5,1,train
84,18,1,train
85,1,1,train
85,10,1,train
85,52,1,train
86,5,1,train
86,10,1,train
88,0,1,train
88,5,1,train
88,9,1,train
88,52,1,train
89,1,1,train
89,52,1,train
90,1,1,train
90,52,1,train
92,3,1,train
92,7,1,train
92,72,1,train
92,73,1,train
92,74,1,train
93,0,1,train
93,5,1,train
93,18,1,train
93,19,1,train
93,26,1,train
93,52,1,train
94,1,1,train
94,13,1,train
95,0,1,train
95,1,1,train
95,10,1,train
95,13,1,train
95,26,1,train
95,48,1,train
95,52,1,train
96,5,1,train
96,13,1,train
96,50,1,train
97,0,1,train
97,13,1,train
100,0,1,train
100,1,1,train
100,39,1,train
100,52,1,train
101,0,1,train
101,1,1,train
101,5,1,train
101,6,1,train
101,10,1,train
101,13,1,train
101,34,1,train
101,52,1,train
101,76,1,train
103,0,1,train
103,1,1,train
103,3,1,train
103,10,1,train
103,17,1,train
103,34,1,train
103,52,1,train
103,75,1,train
104,0,1,train
104,3,1,train
104,5,1,train
104,6,1,train
104,10,1,train
104,31,1,train
104,37,1,train
104,50,1,train
104,56,1,train
107,1,1,train
107,6,1,train
107,10,1,train
108,1,1,train
108,52,1,train
109,0,1,train
109,5,1,train
109,6,1,train
109,10,1,train
109,13,1,train
109,19,1,train
109,34,1,train
110,3,1,train
110,5,1,train
110,9,1,train
110,10,1,train
110,42,1,train
111,0,1,train
111,34,1,train
112,0,1,train
112,5,1,train
112,17,1,train
112,18,1,train
112,39,1,train
113,0,1,train
113,1,1,train
113,5,1,train
113,6,1,train
113,37,1,train
113,52,1,train
114,5,1,train
114,18,1,train
114,65,1,train
115,5,1,train
115,10,1,train
115,51,1,train
115,75,1,train
116,1,1,train
116,3,1,train
116,5,1,train
116,6,1,train
116,10,1,train
116,27,1,train
116,29,1,train
116,31,1,train
116,42,1,train
116,52,1,train
117,0,1,train
117,5,1,train
117,10,1,train
118,0,1,train
118,5,1,train
118,7,1,train
118,10,1,train
118,16,1,train
118,29,1,train
118,52,1,train
118,56,1,train
118,75,1,train
119,5,1,train
119,29,1,train
120,8,1,train
120,9,1,train
120,13,1,train
122,1,1,train
122,3,1,train
122,5,1,train
122,6,1,train
122,10,1,train
122,79,1,train
122,80,1,train
123,5,1,train
123,10,1,train
123,29,1,train
124,0,1,train
124,51,1,train
124,57,1,train
124,81,1,train
125,0,1,train
125,75,1,train
126,0,1,train
126,5,1,train
126,6,1,train
126,9,1,train
126,13,1,train
126,16,1,train
126,18,1,train
126,29,1,train
126,52,1,train
126,75,1,train
126,79,1,train
126,80,1,train
127,1,1,train
127,13,1,train
129,0,1,train
129,1,1,train
129,5,1,train
129,10,1,train
129,14,1,train
129,16,1,train
129,17,1,train
129,18,1,train
129,29,1,train
129,34,1,train
129,49,1,train
129,50,1,train
129,52,1,train
129,57,1,train
129,82,1,train
129,83,1,train
129,84,1,train
131,0,1,train
131,5,1,train
131,14,1,train
131,17,1,train
131,18,1,train
131,27,1,train
131,84,1,train
132,0,1,train
132,5,1,train
132,6,1,train
132,29,1,train
132,57,1,train
133,0,1,train
133,1,1,train
133,5,1,train
133,7,1,train
133,18,1,train
133,34,1,train
133,52,1,train
133,57,1,train
133,65,1,train
133,67,1,train
135,0,1,train
135,26,1,train
136,0,1,train
136,3,1,train
136,5,1,train
136,13,1,train
136,19,1,train
136,75,1,train
136,85,1,train
137,1,1,train
137,3,1,train
137,5,1,train
137,7,1,train
137,13,1,train
137,16,1,train
137,29,1,train
139,0,1,train
139,5,1,train
139,13,1,train
139,29,1,train
140,5,1,train
140,29,1,train
141,0,1,train
141,1,1,train
141,5,1,train
141,7,1,train
141,10,1,train
141,13,1,train
141,18,1,train
141,19,1,train
141,29,1,train
141,50,1,train
141,52,1,train
141,75,1,train
141,82,1,train
141,86,1,train
142,0,1,train
142,5,1,train
142,10,1,train
143,0,1,train
143,1,1,train
143,3,1,train
143,5,1,train
143,10,1,train
143,14,1,train
143,16,1,train
143,19,1,train
143,40,1,train
143,52,1,train
143,57,1,train
143,84,1,train
144,5,1,train
144,29,1,train
145,0,1,train
145,1,1,train
145,3,1,train
145,10,1,train
145,13,1,train
145,32,1,train
145,52,1,train
146,5,1,train
146,29,1,train
147,0,1,train
147,1,1,train
147,3,1,train
147,5,1,train
147,10,1,train
147,13,1,train
147,14,1,train
147,29,1,train
147,37,1,train
147,40,1,train
147,84,1,train
148,0,1,train
148,1,1,train
148,5,1,train
148,10,1,train
148,13,1,train
148,16,1,train
148,19,1,train
148,23,1,train
148,31,1,train
148,37,1,train
148,39,1,train
148,52,1,train
148,82,1,train
148,87,1,train
148,88,1,train
149,1,1,train
149,5,1,train
149,38,1,train
149,52,1,train
150,6,1,train
150,9,1,train
150,10,1,train
150,13,1,train
150,42,1,train
150,87,1,train
151,0,1,train
151,5,1,train
151,19,1,train
151,23,1,train
151,89,1,train
151,90,1,train
152,0,1,train
152,6,1,train
152,7,1,train
153,0,1,train
153,5,1,train
153,6,1,train
153,10,1,train
153,13,1,train
153,14,1,train
153,16,1,train
153,17,1,train
153,18,1,train
153,20,1,train
153,29,1,train
153,31,1,train
153,34,1,train
153,45,1,train
153,52,1,train
153,57,1,train
153,76,1,train
153,84,1,train
153,91,1,train
153,92,1,train
153,93,1,train
154,0,1,train
154,1,1,train
154,5,1,train
154,29,1,train
154,52,1,train
154,75,1,train
155,0,1,train
155,1,1,train
155,5,1,train
155,10,1,train
155,13,1,train
155,16,1,train
155,34,1,train
157,0,1,train
157,1,1,train
157,5,1,train
157,7,1,train
157,13,1,train
157,14,1,train
157,16,1,train
157,17,1,train
157,18,1,train
157,29,1,train
157,52,1,train
157,84,1,train
158,0,1,train
158,5,1,train
158,7,1,train
158,8,1,train
158,9,1,train
158,10,1,train
158,13,1,train
158,33,1,train
158,38,1,train
159,5,1,train
159,29,1,train
162,0,1,train
162,5,1,train
162,7,1,train
163,5,1,train
163,19,1,train
164,0,1,train
164,1,1,train
164,13,1,train
164,52,1,train
164,57,1,train
165,5,1,train
165,27,1,train
165,29,1,train
165,51,1,train
167,0,1,train
167,1,1,train
167,5,1,train
167,10,1,train
167,18,1,train
167,65,1,train
167,67,1,train
168,1,1,train
168,52,1,train
169,1,1,train
169,5,1,train
169,10,1,train
169,19,1,train
169,52,1,train
170,0,1,train
170,1,1,train
170,5,1,train
170,10,1,train
170,29,1,train
170,52,1,train
170,57,1,train
170,79,1,train
170,80,1,train
170,82,1,train
171,10,1,train
171,38,1,train
171,57,1,train
172,0,1,train
172,1,1,train
172,3,1,train
172,5,1,train
172,52,1,train
173,10,1,train
173,19,1,train
173,20,1,train
173,23,1,train
174,5,1,train
174,29,1,train
175,0,1,train
175,1,1,train
175,5,1,train
175,10,1,train
175,13,1,train
175,14,1,train
175,18,1,train
175,26,1,train
175,52,1,train
175,84,1,train
176,0,1,train
176,1,1,train
176,5,1,train
176,13,1,train
176,16,1,train
176,52,1,train
177,5,1,train
177,18,1,train
177,65,1,train
179,1,1,train
179,52,1,train
180,0,1,train
180,1,1,train
180,5,1,train
180,14,1,train
180,18,1,train
180,26,1,train
180,52,1,train
180,84,1,train
181,0,1,train
181,5,1,train
181,10,1,train
181,16,1,train
181,34,1,train
181,50,1,train
181,57,1,train
181,75,1,train
182,5,1,train
182,29,1,train
183,0,1,train
183,1,1,train
183,5,1,train
183,7,1,train
183,10,1,train
183,13,1,train
183,28,1,train
183,29,1,train
183,31,1,train
183,37,1,train
183,52,1,train
183,75,1,train
183,94,1,train
183,95,1,train
184,0,1,train
184,9,1,train
184,10,1,train
184,16,1,train
184,17,1,train
184,28,1,train
184,64,1,train
184,96,1,train
185,0,1,train
185,3,1,train
185,5,1,train
185,7,1,train
185,10,1,train
185,13,1,train
185,16,1,train
185,27,1,train
185,34,1,train
185,52,1,train
185,57,1,train
185,82,1,train
186,0,1,train
186,1,1,train
186,5,1,train
186,10,1,train
186,14,1,train
186,18,1,train
186,37,1,train
186,52,1,train
186,84,1,train
188,0,1,train
188,1,1,train
188,3,1,train
188,5,1,train
188,9,1,train
188,10,1,train
188,13,1,train
188,16,1,train
188,37,1,train
188,51,1,train
190,0,1,train
190,1,1,train
192,7,1,train
192,9,1,train
192,10,1,train
192,13,1,train
192,19,1,train
192,39,1,train
193,0,1,train
193,6,1,train
193,10,1,train
193,17,1,train
194,0,1,train
194,10,1,train
195,1,1,train
195,52,1,train
196,0,1,train
196,19,1,train
197,0,1,train
197,5,1,train
197,7,1,train
197,10,1,train
197,29,1,train
197,38,1,train
197,57,1,train
197,75,1,train
198,0,1,train
198,5,1,train
198,14,1,train
199,0,1,train
199,38,1,train
199,92,1,train
202,0,1,train
202,1,1,train
202,5,1,train
202,6,1,train
202,9,1,train
202,10,1,train
202,13,1,train
202,14,1,train
202,17,1,train
202,18,1,train
202,29,1,train
202,31,1,train
202,48,1,train
202,57,1,train
202,98,1,train
203,0,1,train
203,1,1,train
203,5,1,train
203,9,1,train
203,17,1,train
203,18,1,train
203,19,1,train
203,29,1,train
203,38,1,train
203,52,1,train
203,57,1,train
204,1,1,train
204,5,1,train
204,29,1,train
204,52,1,train
207,0,1,train
207,5,1,train
207,7,1,train
207,13,1,train
207,16,1,train
207,18,1,train
207,43,1,train
208,0,1,train
208,5,1,train
208,7,1,train
208,10,1,train
208,13,1,train
208,14,1,train
208,16,1,train
208,18,1,train
208,27,1,train
208,29,1,train
208,31,1,train
208,42,1,train
208,52,1,train
208,82,1,train
209,1,1,train
209,52,1,train
210,5,1,train
210,19,1,train
211,0,1,train
211,3,1,train
211,5,1,train
211,7,1,train
211,13,1,train
211,18,1,train
211,38,1,train
211,53,1,train
211,54,1,train
211,55,1,train
212,0,1,train
212,1,1,train
212,9,1,train
212,48,1,train
212,67,1,train
213,9,1,train
213,59,1,train
215,0,1,train
215,5,1,train
215,9,1,train
215,13,1,train
215,29,1,train
215,34,1,train
215,99,1,train
218,0,1,train
218,1,1,train
218,10,1,train
218,13,1,train
218,39,1,train
218,52,1,train
218,57,1,train
219,5,1,train
219,7,1,train
219,10,1,train
220,0,1,train
220,1,1,train
220,5,1,train
220,6,1,train
220,7,1,train
220,8,1,train
220,9,1,train
220,10,1,train
220,13,1,train
220,16,1,train
220,17,1,train
220,18,1,train
220,19,1,train
220,29,1,train
220,31,1,train
220,32,1,train
220,34,1,train
220,37,1,train
220,38,1,train
220,43,1,train
220,50,1,train
220,52,1,train
220,53,1,train
220,57,1,train
220,65,1,train
220,67,1,train
220,83,1,train
220,86,1,train
220,100,1,train
220,101,1,train
220,102,1,train
220,103,1,train
220,104,1,train
220,105,1,train
220,106,1,train
221,5,1,train
221,7,1,train
221,66,1,train
222,9,1,train
222,13,1,train
223,0,1,train
223,1,1,train
223,3,1,train
223,5,1,train
223,8,1,train
223,10,1,train
223,16,1,train
223,27,1,train
223,37,1,train
223,52,1,train
223,57,1,train
224,0,1,train
224,5,1,train
225,3,1,train
225,5,1,train
225,16,1,train
225,38,1,train
226,7,1,train
226,10,1,train
227,0,1,train
227,1,1,train
227,3,1,train
227,5,1,train
227,6,1,train
227,10,1,train
227,13,1,train
227,17,1,train
228,5,1,train
228,18,1,train
228,29,1,train
228,65,1,train
229,0,1,train
229,5,1,train
229,18,1,train
229,27,1,train
229,31,1,train
229,49,1,train
229,52,1,train
229,57,1,train
229,107,1,train
229,108,1,train
231,0,1,train
231,5,1,train
231,29,1,train
231,34,1,train
232,5,1,train
232,13,1,train
232,29,1,train
233,7,1,train
233,10,1,train
233,14,1,train
233,19,1,train
233,34,1,train
233,109,1,train
234,0,1,train
234,1,1,train
234,10,1,train
234,13,1,train
234,18,1,train
234,19,1,train
234,52,1,train
235,5,1,train
235,29,1,train
236,10,1,train
236,38,1,train
237,0,1,train
237,1,1,train
237,5,1,train
237,6,1,train
237,10,1,train
237,14,1,train
237,18,1,train
237,31,1,train
237,57,1,train
237,84,1,train
237,110,1,train
238,1,1,train
238,52,1,train
239,0,1,train
239,1,1,train
239,10,1,train
239,17,1,train
239,28,1,train
239,96,1,train
239,111,1,train
240,5,1,train
240,29,1,train
242,1,1,train
242,52,1,train
244,1,1,train
244,52,1,train
245,0,1,train
245,1,1,train
245,5,1,train
245,8,1,train
245,37,1,train
245,42,1,train
245,76,1,train
245,114,1,train
245,115,1,train
246,0,1,train
246,3,1,train
246,5,1,train
246,13,1,train
246,17,1,train
246,18,1,train
246,27,1,train
246,34,1,train
246,65,1,train
246,116,1,train
247,5,1,train
247,10,1,train
248,0,1,train
248,5,1,train
248,14,1,train
248,18,1,train
248,31,1,train
248,50,1,train
248,84,1,train
248,115,1,train
248,116,1,train
249,10,1,train
249,19,1,train
249,50,1,train
249,51,1,train
249,82,1,train
250,0,1,train
250,9,1,train
253,0,1,train
253,1,1,train
253,5,1,train
253,18,1,train
253,52,1,train
255,5,1,train
255,29,1,train
256,0,1,train
256,5,1,train
256,13,1,train
256,14,1,train
256,16,1,train
256,18,1,train
256,19,1,train
256,31,1,train
256,52,1,train
256,57,1,train
256,84,1,train
257,13,1,train
257,18,1,train
258,0,1,train
258,5,1,train
258,10,1,train
258,16,1,train
258,17,1,train
258,18,1,train
258,39,1,train
258,46,1,train
258,50,1,train
258,52,1,train
258,58,1,train
258,95,1,train
258,117,1,train
259,0,1,train
259,3,1,train
259,5,1,train
259,7,1,train
259,9,1,train
259,14,1,train
259,16,1,train
259,17,1,train
259,18,1,train
259,27,1,train
259,38,1,train
259,50,1,train
259,51,1,train
259,67,1,train
259,84,1,train
260,0,1,train
260,5,1,train
260,14,1,train
260,84,1,train
261,1,1,train
261,5,1,train
261,10,1,train
261,29,1,train
261,48,1,train
262,1,1,train
262,26,1,train
262,52,1,train
263,0,1,train
263,5,1,train
263,10,1,train
263,18,1,train
263,38,1,train
263,49,1,train
263,52,1,train
263,75,1,train
264,5,1,train
264,19,1,train
265,5,1,train
265,6,1,train
265,29,1,train
266,0,1,train
266,5,1,train
266,10,1,train
266,13,1,train
266,16,1,train
266,17,1,train
266,19,1,train
266,39,1,train
266,57,1,train
266,75,1,train
266,91,1,train
267,5,1,train
267,29,1,train
268,0,1,train
268,1,1,train
268,3,1,train
268,5,1,train
268,10,1,train
268,13,1,train
268,19,1,train
268,57,1,train
268,82,1,train
268,118,1,train
271,0,1,train
271,1,1,train
271,5,1,train
271,10,1,train
271,13,1,train
271,19,1,train
271,29,1,train
271,38,1,train
271,51,1,train
271,52,1,train
271,57,1,train
272,0,1,train
272,7,1,train
274,1,1,train
274,5,1,train
274,16,1,train
274,29,1,train
274,52,1,train
275,5,1,train
275,29,1,train
277,0,1,train
277,5,1,train
277,29,1,train
278,5,1,train
278,29,1,train
279,1,1,train
279,51,1,train
279,52,1,train
280,1,1,train
280,3,1,train
280,5,1,train
280,10,1,train
280,13,1,train
280,16,1,train
280,31,1,train
280,57,1,train
281,5,1,train
281,29,1,train
283,5,1,train
283,29,1,train
283,66,1,train
283,75,1,train
284,3,1,train
284,5,1,train
284,6,1,train
284,10,1,train
284,13,1,train
284,32,1,train
284,51,1,train
284,82,1,train
285,0,1,train
285,13,1,train
285,16,1,train
285,19,1,train
285,52,1,train
285,66,1,train
285,92,1,train
286,5,1,train
286,29,1,train
287,0,1,train
287,5,1,train
287,13,1,train
287,16,1,train
287,29,1,train
287,51,1,train
287,57,1,train
289,0,1,train
289,5,1,train
289,6,1,train
289,9,1,train
289,13,1,train
289,16,1,train
289,19,1,train
289,29,1,train
289,52,1,train
289,75,1,train
290,1,1,train
290,5,1,train
290,29,1,train
290,52,1,train
291,1,1,train
291,52,1,train
292,2,1,train
292,10,1,train
293,1,1,train
293,52,1,train
294,1,1,train
294,52,1,train
296,1,1,train
296,52,1,train
297,1,1,train
297,52,1,train
298,1,1,train
298,52,1,train
299,1,1,train
299,52,1,train
300,1,1,train
300,52,1,train
301,1,1,train
301,52,1,train
302,1,1,train
302,5,1,train
302,52,1,train
303,1,1,train
303,52,1,train
304,1,1,train
304,52,1,train
305,1,1,train
305,52,1,train
306,10,1,train
306,26,1,train
307,1,1,train
307,5,1,train
307,10,1,train
307,29,1,train
307,57,1,train
307,71,1,train
309,1,1,train
309,52,1,train
310,0,1,train
310,3,1,train
310,5,1,train
310,7,1,train
310,9,1,train
310,13,1,train
310,50,1,train
311,1,1,train
311,13,1,train
312,0,1,train
312,5,1,train
312,13,1,train
312,16,1,train
314,1,1,train
314,3,1,train
314,5,1,train
314,20,1,train
314,51,1,train
314,52,1,train
314,66,1,train
316,0,1,train
316,5,1,train
316,7,1,train
316,29,1,train
316,50,1,train
316,51,1,train
316,57,1,train
317,0,1,train
317,3,1,train
317,5,1,train
317,17,1,train
317,18,1,train
317,19,1,train
317,50,1,train
317,53,1,train
317,54,1,train
317,55,1,train
317,57,1,train
317,71,1,train
317,119,1,train
318,1,1,train
318,5,1,train
318,13,1,train
318,52,1,train
318,56,1,train
319,0,1,train
319,1,1,train
319,5,1,train
319,7,1,train
319,16,1,train
319,29,1,train
319,38,1,train
319,52,1,train
319,57,1,train
320,0,1,train
320,5,1,train
320,29,1,train
321,1,1,train
321,5,1,train
321,29,1,train
321,52,1,train
322,5,1,train
322,26,1,train
322,29,1,train
322,31,1,train
323,0,1,train
323,16,1,train
323,50,1,train
324,5,1,train
324,7,1,train
324,10,1,train
324,13,1,train
324,16,1,train
325,5,1,train
325,7,1,train
325,29,1,train
325,34,1,train
326,1,1,train
326,10,1,train
326,52,1,train
327,0,1,train
327,1,1,train
327,5,1,train
327,7,1,train
327,9,1,train
327,10,1,train
327,13,1,train
327,16,1,train
327,17,1,train
327,29,1,train
327,45,1,train
327,51,1,train
327,57,1,train
327,59,1,train
327,75,1,train
327,82,1,train
328,0,1,train
328,5,1,train
328,14,1,train
328,19,1,train
328,27,1,train
329,5,1,train
329,13,1,train
329,16,1,train
329,29,1,train
329,51,1,train
329,79,1,train
329,80,1,train
331,0,1,train
331,50,1,train
332,1,1,train
332,5,1,train
332,7,1,train
332,13,1,train
332,27,1,train
332,29,1,train
332,50,1,train
332,51,1,train
332,52,1,train
333,1,1,train
333,52,1,train
334,0,1,train
334,1,1,train
334,3,1,train
334,5,1,train
334,52,1,train
334,75,1,train
335,0,1,train
335,1,1,train
335,52,1,train
336,0,1,train
336,9,1,train
336,10,1,train
336,16,1,train
336,31,1,train
336,50,1,train
336,93,1,train
338,1,1,train
338,52,1,train
340,0,1,train
340,50,1,train
341,0,1,train
341,50,1,train
342,1,1,train
342,52,1,train
344,1,1,train
344,52,1,train
346,0,1,train
346,1,1,train
346,52,1,train
347,1,1,train
347,5,1,train
347,29,1,train
348,0,1,train
348,1,1,train
348,5,1,train
348,29,1,train
348,52,1,train
349,0,1,train
349,1,1,train
349,16,1,train
349,52,1,train
349,56,1,train
350,0,1,train
350,1,1,train
350,13,1,train
350,52,1,train
350,56,1,train
352,0,1,train
352,5,1,train
352,29,1,train
353,0,1,train
353,6,1,train
353,7,1,train
354,5,1,train
354,29,1,train
355,0,1,train
355,1,1,train
355,7,1,train
355,34,1,train
356,0,1,train
356,5,1,train
356,6,1,train
356,7,1,train
356,8,1,train
356,10,1,train
356,13,1,train
356,16,1,train
356,27,1,train
356,31,1,train
356,38,1,train
356,48,1,train
356,64,1,train
357,0,1,train
357,5,1,train
357,29,1,train
359,0,1,train
359,1,1,train
359,5,1,train
359,27,1,train
359,48,1,train
359,52,1,train
360,5,1,train
360,18,1,train
361,0,1,train
361,1,1,train
361,52,1,train
362,1,1,train
362,52,1,train
363,1,1,train
363,52,1,train
364,1,1,train
364,52,1,train
365,1,1,train
365,52,1,train
367,5,1,train
367,16,1,train
367,31,1,train
368,0,1,train
368,5,1,train
368,13,1,train
368,27,1,train
369,0,1,train
369,13,1,train
369,18,1,train
369,53,1,train
369,54,1,train
369,55,1,train
370,1,1,train
370,52,1,train
371,1,1,train
371,52,1,train
373,50,1,train
373,57,1,train
374,5,1,train
374,29,1,train
375,0,1,train
375,10,1,train
376,5,1,train
376,13,1,train
376,29,1,train
377,0,1,train
377,1,1,train
377,13,1,train
377,52,1,train
380,1,1,train
380,5,1,train
380,16,1,train
380,19,1,train
380,52,1,train
381,0,1,train
381,1,1,train
381,18,1,train
381,52,1,train
382,1,1,train
382,5,1,train
382,7,1,train
382,13,1,train
382,18,1,train
382,29,1,train
382,50,1,train
382,52,1,train
383,1,1,train
383,34,1,train
383,52,1,train
383,66,1,train
384,1,1,train
384,52,1,train
386,1,1,train
386,52,1,train
388,0,1,train
388,1,1,train
388,5,1,train
388,16,1,train
388,52,1,train
390,1,1,train
390,10,1,train
390,52,1,train
393,10,1,train
393,13,1,train
394,1,1,train
394,52,1,train
395,5,1,train
395,18,1,train
396,1,1,train
396,52,1,train
398,1,1,train
398,52,1,train
399,1,1,train
399,52,1,train
400,1,1,train
400,52,1,train
402,1,1,train
402,52,1,train
403,5,1,train
403,29,1,train
404,1,1,train
404,52,1,train
405,1,1,train
405,52,1,train
407,1,1,train
407,52,1,train
408,1,1,train
408,52,1,train
409,7,1,train
409,51,1,train
410,1,1,train
410,52,1,train
411,1,1,train
411,5,1,train
411,29,1,train
411,52,1,train
412,0,1,train
412,5,1,train
412,16,1,train
412,17,1,train
412,29,1,train
412,38,1,train
412,46,1,train
412,48,1,train
412,57,1,train
412,117,1,train
414,0,1,train
414,1,1,train
414,16,1,train
414,37,1,train
414,56,1,train
415,1,1,train
415,52,1,train
416,1,1,train
416,5,1,train
416,29,1,train
417,1,1,train
417,52,1,train
419,1,1,train
419,52,1,train
420,1,1,train
420,5,1,train
420,16,1,train
420,29,1,train
420,52,1,train
421,0,1,train
421,5,1,train
421,16,1,train
421,27,1,train
421,29,1,train
422,0,1,train
422,1,1,train
422,16,1,train
423,1,1,train
423,52,1,train
424,1,1,train
424,52,1,train
425,1,1,train
425,52,1,train
426,1,1,train
426,52,1,train
428,1,1,train
428,52,1,train
429,1,1,train
429,52,1,train
430,1,1,train
430,52,1,train
431,77,1,train
431,78,1,train
432,1,1,train
432,52,1,train
433,1,1,train
433,52,1,train
434,1,1,train
434,52,1,train
436,1,1,train
436,52,1,train
437,1,1,train
437,52,1,train
438,1,1,train
438,52,1,train
439,1,1,train
439,10,1,train
439,52,1,train
440,1,1,train
440,52,1,train
441,1,1,train
441,52,1,train
442,1,1,train
442,52,1,train
443,1,1,train
443,52,1,train
444,1,1,train
444,52,1,train
445,1,1,train
445,52,1,train
446,1,1,train
446,52,1,train
447,1,1,train
447,52,1,train
448,1,1,train
448,52,1,train
449,1,1,train
449,52,1,train
450,1,1,train
450,52,1,train
451,1,1,train
451,52,1,train
452,1,1,train
452,52,1,train
453,0,1,train
453,1,1,train
453,3,1,train
453,5,1,train
453,10,1,train
453,13,1,train
453,17,1,train
453,34,1,train
453,52,1,train
456,1,1,train
456,5,1,train
456,6,1,train
457,0,1,train
457,5,1,train
457,7,1,train
462,5,1,train
462,29,1,train
463,5,1,train
463,6,1,train
463,29,1,train
463,37,1,train
463,51,1,train
464,5,1,train
464,29,1,train
465,5,1,train
465,16,1,train
465,66,1,train
467,1,1,train
467,52,1,train
468,0,1,train
468,5,1,train
468,18,1,train
468,52,1,train
468,57,1,train
468,66,1,train
469,5,1,train
469,19,1,train
470,5,1,train
470,29,1,train
470,37,1,train
470,57,1,train
470,66,1,train
472,5,1,train
472,27,1,train
472,29,1,train
473,56,1,train
473,111,1,train
477,1,1,train
477,5,1,train
477,10,1,train
477,13,1,train
478,0,1,train
478,5,1,train
478,29,1,train
479,0,1,train
479,1,1,train
479,7,1,train
479,90,1,train
480,0,1,train
480,5,1,train
480,29,1,train
481,0,1,train
481,5,1,train
481,29,1,train
482,0,1,train
482,5,1,train
482,7,1,train
482,29,1,train
482,64,1,train
483,0,1,train
483,7,1,train
485,7,1,train
485,64,1,train
486,0,1,train
486,1,1,train
486,7,1,train
486,64,1,train
487,0,1,train
487,52,1,train
488,5,1,train
488,19,1,train
490,0,1,train
490,5,1,train
490,29,1,train
490,64,1,train
493,0,1,train
493,52,1,train
493,64,1,train
494,5,1,train
494,7,1,train
494,18,1,train
494,65,1,train
495,0,1,train
495,5,1,train
495,29,1,train
495,52,1,train
496,0,1,train
496,5,1,train
496,7,1,train
496,29,1,train
497,0,1,train
497,5,1,train
497,29,1,train
499,0,1,train
499,52,1,train
500,0,1,train
500,5,1,train
500,9,1,train
500,10,1,train
500,13,1,train
500,29,1,train
501,0,1,train
501,5,1,train
501,7,1,train
501,10,1,train
501,29,1,train
503,0,1,train
503,5,1,train
505,0,1,train
505,1,1,train
505,3,1,train
505,5,1,train
505,18,1,train
505,29,1,train
505,52,1,train
505,93,1,train
506,0,1,train
506,5,1,train
506,29,1,train
507,0,1,train
507,5,1,train
507,29,1,train
509,50,1,train
509,57,1,train
511,5,1,train
511,29,1,train
511,34,1,train
512,7,1,train
512,13,1,train
513,5,1,train
513,29,1,train
514,5,1,train
514,29,1,train
515,5,1,train
515,29,1,train
516,5,1,train
516,29,1,train
517,5,1,train
517,29,1,train
519,5,1,train
519,120,1,train
521,5,1,train
521,29,1,train
522,5,1,train
522,29,1,train
522,64,1,train
523,0,1,train
523,1,1,train
523,5,1,train
523,13,1,train
523,52,1,train
524,13,1,train
524,64,1,train
525,5,1,train
525,29,1,train
525,64,1,train
526,5,1,train
526,29,1,train
526,52,1,train
527,5,1,train
527,29,1,train
528,5,1,train
528,29,1,train
529,0,1,train
529,1,1,train
529,5,1,train
529,29,1,train
529,52,1,train
530,0,1,train
530,10,1,train
530,17,1,train
531,5,1,train
531,10,1,train
531,13,1,train
531,29,1,train
532,5,1,train
532,29,1,train
534,5,1,train
534,29,1,train
535,0,1,train
535,16,1,train
535,51,1,train
536,0,1,train
536,5,1,train
536,13,1,train
536,29,1,train
537,5,1,train
537,29,1,train
538,5,1,train
538,29,1,train
540,0,1,train
540,5,1,train
540,13,1,train
540,29,1,train
540,34,1,train
542,0,1,train
542,5,1,train
542,18,1,train
542,27,1,train
542,52,1,train
544,1,1,train
544,52,1,train
545,7,1,train
545,31,1,train
545,66,1,train
546,1,1,train
546,52,1,train
547,7,1,train
547,51,1,train
547,75,1,train
548,1,1,train
548,5,1,train
548,18,1,train
548,29,1,train
548,52,1,train
548,53,1,train
548,54,1,train
548,55,1,train
548,66,1,train
549,0,1,train
549,6,1,train
549,13,1,train
551,0,1,train
551,13,1,train
551,18,1,train
551,26,1,train
552,5,1,train
552,29,1,train
553,10,1,train
553,38,1,train
554,1,1,train
554,5,1,train
554,29,1,train
556,5,1,train
556,29,1,train
557,5,1,train
557,29,1,train
558,5,1,train
558,29,1,train
558,57,1,train
558,79,1,train
558,80,1,train
559,0,1,train
559,9,1,train
559,10,1,train
563,5,1,train
563,29,1,train
565,0,1,train
565,52,1,train
567,1,1,train
567,52,1,train
567,66,1,train
568,1,1,train
568,13,1,train
568,52,1,train
569,1,1,train
569,52,1,train
570,9,1,train
570,13,1,train
570,28,1,train
571,9,1,train
571,13,1,train
571,28,1,train
572,9,1,train
572,13,1,train
572,28,1,train
573,0,1,train
573,1,1,train
573,7,1,train
573,13,1,train
573,52,1,train
575,0,1,train
575,13,1,train
576,1,1,train
576,115,1,train
577,1,1,train
577,52,1,train
579,0,1,train
579,6,1,train
579,7,1,train
580,5,1,train
580,29,1,train
581,5,1,train
581,29,1,train
582,1,1,train
582,6,1,train
582,26,1,train
582,52,1,train
583,1,1,train
583,5,1,train
583,13,1,train
583,29,1,train
584,0,1,train
584,1,1,train
584,5,1,train
584,6,1,train
584,18,1,train
584,52,1,train
585,5,1,train
585,16,1,train
585,29,1,train
586,10,1,train
586,38,1,train
587,5,1,train
587,7,1,train
587,10,1,train
587,29,1,train
588,0,1,train
588,10,1,train
588,38,1,train
589,5,1,train
589,10,1,train
590,6,1,train
590,7,1,train
591,1,1,train
591,52,1,train
592,0,1,train
592,10,1,train
593,0,1,train
593,5,1,train
593,13,1,train
593,29,1,train
594,0,1,train
594,5,1,train
594,18,1,train
594,52,1,train
595,1,1,train
595,5,1,train
595,10,1,train
596,0,1,train
596,5,1,train
596,29,1,train
597,1,1,train
597,52,1,train
598,5,1,train
598,29,1,train
599,5,1,train
599,13,1,train
600,0,1,train
600,5,1,train
600,10,1,train
600,18,1,train
600,19,1,train
600,37,1,train
600,53,1,train
600,54,1,train
600,55,1,train
601,5,1,train
601,10,1,train
602,5,1,train
602,10,1,train
603,0,1,train
603,10,1,train
605,0,1,train
605,50,1,train
607,0,1,train
607,1,1,train
607,18,1,train
607,26,1,train
607,52,1,train
608,0,1,train
608,5,1,train
608,13,1,train
608,29,1,train
609,5,1,train
609,10,1,train
610,0,1,train
610,5,1,train
610,7,1,train
611,9,1,train
611,13,1,train
611,26,1,train
612,1,1,train
612,52,1,train
613,32,1,train
613,75,1,train
615,9,1,train
615,13,1,train
617,0,1,train
617,1,1,train
617,5,1,train
617,6,1,train
617,13,1,train
617,16,1,train
617,18,1,train
617,29,1,train
617,50,1,train
617,52,1,train
617,53,1,train
617,54,1,train
617,55,1,train
617,57,1,train
618,5,1,train
618,18,1,train
618,65,1,train
618,67,1,train
618,70,1,train
620,1,1,train
620,7,1,train
620,38,1,train
621,5,1,train
621,18,1,train
621,65,1,train
494,46,0,train
128,35,0,train
519,119,0,train
269,62,0,train
543,65,0,train
292,41,0,train
100,76,0,train
367,76,0,train
8,59,0,train
512,59,0,train
440,37,0,train
364,10,0,train
37,110,0,train
113,120,0,train
577,20,0,train
380,26,0,train
407,73,0,train
162,2,0,train
215,100,0,train
50,82,0,train
286,108,0,train
13,18,0,train
250,102,0,train
77,32,0,train
136,96,0,train
460,53,0,train
79,53,0,train
618,110,0,train
25,90,0,train
43,118,0,train
532,104,0,train
54,117,0,train
531,56,0,train
287,115,0,train
37,24,0,train
452,43,0,train
385,72,0,train
130,71,0,train
607,103,0,train
338,104,0,train
27,14,0,train
482,4,0,train
21,62,0,train
171,109,0,train
59,120,0,train
464,92,0,train
537,109,0,train
534,37,0,train
40,117,0,train
602,107,0,train
446,37,0,train
115,73,0,train
270,39,0,train
418,75,0,train
215,101,0,train
50,56,0,train
8,83,0,train
140,3,0,train
137,89,0,train
286,41,0,train
104,70,0,train
510,43,0,train
461,105,0,train
260,88,0,train
53,24,0,train
182,92,0,train
451,111,0,train
315,9,0,train
205,89,0,train
277,32,0,train
315,68,0,train
43,14,0,train
18,96,0,train
400,114,0,train
317,7,0,train
110,87,0,train
319,96,0,train
187,114,0,train
552,108,0,train
145,94,0,train
338,84,0,train
453,12,0,train
3,104,0,train
122,59,0,train
265,110,0,train
6,43,0,train
242,66,0,train
158,67,0,train
121,24,0,train
338,21,0,train
313,14,0,train
204,36,0,train
53,104,0,train
21,57,0,train
365,39,0,train
161,84,0,train
84,99,0,train
84,17,0,train
621,41,0,train
235,113,0,train
20,116,0,train
577,95,0,train
533,87,0,train
313,34,0,train
621,70,0,train
470,33,0,train
233,3,0,train
86,98,0,train
18,37,0,train
185,87,0,train
293,115,0,train
273,25,0,train
109,48,0,train
120,26,0,train
293,29,0,train
191,40,0,train
28,54,0,train
174,36,0,train
93,34,0,train
313,83,0,train
24,54,0,train
241,98,0,train
244,99,0,train
498,42,0,train
272,26,0,train
485,115,0,train
400,36,0,train
422,43,0,train
337,64,0,train
514,68,0,train
373,39,0,train
571,7,0,train
276,95,0,train
17,49,0,train
76,60,0,train
494,114,0,train
603,115,0,train
153,23,0,train
5,72,0,train
162,27,0,train
388,105,0,train
337,76,0,train
310,120,0,train
141,105,0,train
24,5,0,train
1,55,0,train
132,87,0,train
113,32,0,train
539,5,0,train
443,16,0,train
31,38,0,train
506,76,0,train
45,104,0,train
184,52,0,train
345,38,0,train
433,53,0,train
542,80,0,train
314,63,0,train
95,99,0,train
540,95,0,train
543,102,0,train
44,91,0,train
108,114,0,train
106,12,0,train
158,77,0,train
93,15,0,train
60,105,0,train
416,70,0,train
263,51,0,train
564,49,0,train
216,59,0,train
10,103,0,train
571,114,0,train
44,32,0,train
101,47,0,train
498,114,0,train
240,101,0,train
221,1,0,train
375,114,0,train
612,86,0,train
371,96,0,train
235,112,0,train
253,116,0,train
609,0,0,train
95,29,0,train
24,35,0,train
199,41,0,train
296,29,0,train
221,78,0,train
270,60,0,train
220,54,0,train
549,15,0,train
372,29,0,train
13,73,0,train
499,109,0,train
228,34,0,train
616,73,0,train
398,87,0,train
392,95,0,train
369,44,0,train
45,111,0,train
367,19,0,train
444,110,0,train
529,14,0,train
559,34,0,train
486,117,0,train
289,12,0,train
377,19,0,train
154,71,0,train
455,12,0,train
302,117,0,train
191,70,0,train
384,93,0,train
431,17,0,train
233,78,0,train
285,43,0,train
249,119,0,train
117,80,0,train
11,47,0,train
384,113,0,train
532,87,0,train
386,15,0,train
105,77,0,train
412,26,0,train
620,95,0,train
442,31,0,train
413,95,0,train
311,0,0,train
168,77,0,train
116,113,0,train
510,17,0,train
612,98,0,train
461,1,0,train
515,61,0,train
160,110,0,train
360,98,0,train
225,62,0,train
372,44,0,train
436,89,0,train
164,54,0,train
148,75,0,train
411,111,0,train
265,88,0,train
539,49,0,train
343,61,0,train
579,27,0,train
34,116,0,train
144,42,0,train
10,56,0,train
552,59,0,train
536,45,0,train
602,83,0,train
487,24,0,train
13,112,0,train
14,102,0,train
238,7,0,train
337,61,0,train
324,30,0,train
401,114,0,train
408,78,0,train
579,2,0,train
128,28,0,train
586,91,0,train
560,0,0,train
219,3,0,train
160,26,0,train
163,71,0,train
561,57,0,train
546,115,0,train
521,70,0,train
208,84,0,train
78,5,0,train
289,58,0,train
417,58,0,train
401,82,0,train
395,80,0,train
253,7,0,train
449,67,0,train
263,118,0,train
273,43,0,train
404,42,0,train
222,25,0,train
136,90,0,train
57,50,0,train
378,107,0,train
25,106,0,train
595,94,0,train
224,2,0,train
266,119,0,train
225,28,0,train
358,94,0,train
13,111,0,train
34,94,0,train
318,119,0,train
0,56,0,train
336,55,0,train
475,85,0,train
571,0,0,train
460,80,0,train
467,32,0,train
231,52,0,train
93,110,0,train
121,69,0,train
563,116,0,train
396,39,0,train
57,12,0,train
529,97,0,train
316,108,0,train
334,44,0,train
591,116,0,train
3,91,0,train
123,76,0,train
252,91,0,train
140,0,0,train
376,64,0,train
447,114,0,train
149,6,0,train
198,91,0,train
377,69,0,train
434,64,0,train
28,29,0,train
258,44,0,train
310,48,0,train
206,32,0,train
426,91,0,train
230,114,0,train
518,111,0,train
124,74,0,train
550,70,0,train
350,31,0,train
405,106,0,train
391,77,0,train
523,32,0,train
175,99,0,train
350,109,0,train
349,12,0,train
211,29,0,train
157,66,0,train
297,3,0,train
237,50,0,train
35,7,0,train
367,41,0,train
345,100,0,train
516,59,0,train
79,83,0,train
106,47,0,train
527,26,0,train
272,43,0,train
579,47,0,train
308,26,0,train
287,112,0,train
512,66,0,train
486,22,0,train
378,113,0,train
106,93,0,train
547,88,0,train
432,13,0,train
359,78,0,train
400,53,0,train
172,120,0,train
600,13,0,train
482,58,0,train
324,66,0,train
249,89,0,train
526,8,0,train
537,100,0,train
49,109,0,train
171,71,0,train
298,103,0,train
323,43,0,train
49,87,0,train
230,75,0,train
462,97,0,train
560,71,0,train
257,7,0,train
268,18,0,train
240,75,0,train
181,56,0,train
482,38,0,train
360,110,0,train
568,46,0,train
313,88,0,train
387,47,0,train
3,43,0,train
375,115,0,train
76,49,0,train
493,27,0,train
390,66,0,train
484,93,0,train
389,105,0,train
499,70,0,train
45,60,0,train
334,45,0,train
580,84,0,train
167,30,0,train
568,81,0,train
83,109,0,train
496,2,0,train
554,20,0,train
390,15,0,train
454,7,0,train
500,77,0,train
445,42,0,train
402,74,0,train
248,101,0,train
2,94,0,train
288,104,0,train
532,12,0,train
508,111,0,train
207,76,0,train
497,49,0,train
473,113,0,train
421,39,0,train
93,55,0,train
75,103,0,train
452,99,0,train
18,106,0,train
95,14,0,train
355,60,0,train
187,68,0,train
259,58,0,train
286,18,0,train
173,93,0,train
611,113,0,train
279,59,0,train
3,120,0,train
438,117,0,train
426,86,0,train
418,28,0,train
481,7,0,train
385,68,0,train
354,85,0,train
578,11,0,train
233,91,0,train
295,112,0,train
508,70,0,train
589,71,0,train
595,35,0,train
587,45,0,train
177,15,0,train
589,31,0,train
435,38,0,train
256,75,0,train
362,48,0,train
154,82,0,train
427,39,0,train
619,83,0,train
455,71,0,train
149,4,0,train
49,107,0,train
169,66,0,train
182,115,0,train
553,16,0,train
586,36,0,train
43,106,0,train
508,62,0,train
12,34,0,train
376,69,0,train
277,106,0,train
127,7,0,train
590,23,0,train
251,105,0,train
16,99,0,train
68,48,0,train
544,60,0,train
69,61,0,train
29,55,0,train
151,45,0,train
169,86,0,train
249,72,0,train
236,87,0,train
282,20,0,train
560,50,0,train
85,44,0,train
157,91,0,train
144,24,0,train
461,84,0,train
129,38,0,train
384,64,0,train
359,39,0,train
183,45,0,train
562,101,0,train
130,40,0,train
433,8,0,train
595,0,0,train
277,120,0,train
335,62,0,train
93,76,0,train
35,58,0,train
317,10,0,train
207,81,0,train
326,116,0,train
542,84,0,train
39,96,0,train
553,70,0,train
458,55,0,train
300,91,0,train
9,100,0,train
555,119,0,train
395,44,0,train
285,41,0,train
432,34,0,train
585,83,0,train
230,20,0,train
158,101,0,train
360,16,0,train
470,61,0,train
168,96,0,train
213,102,0,train
456,69,0,train
441,67,0,train
55,63,0,train
582,95,0,train
32,43,0,train
83,4,0,train
76,119,0,train
397,108,0,train
575,91,0,train
174,9,0,train
577,115,0,train
87,23,0,train
438,42,0,train
41,111,0,train
378,83,0,train
502,44,0,train
122,106,0,train
250,48,0,train
155,67,0,train
279,47,0,train
388,50,0,train
499,101,0,train
549,95,0,train
87,91,0,train
566,120,0,train
184,6,0,train
77,3,0,train
35,59,0,train
345,101,0,train
241,60,0,train
460,8,0,train
77,84,0,train
83,39,0,train
571,37,0,train
209,28,0,train
561,87,0,train
254,68,0,train
574,38,0,train
97,35,0,train
70,5,0,train
300,8,0,train
586,13,0,train
531,110,0,train
109,58,0,train
85,27,0,train
442,110,0,train
136,99,0,train
345,105,0,train
416,25,0,train
381,67,0,train
607,61,0,train
357,45,0,train
463,107,0,train
558,28,0,train
553,56,0,train
508,86,0,train
578,12,0,train
336,79,0,train
393,36,0,train
402,24,0,train
308,17,0,train
460,44,0,train
132,56,0,train
56,29,0,train
118,55,0,train
408,34,0,train
458,109,0,train
573,111,0,train
319,35,0,train
145,28,0,train
323,73,0,train
323,36,0,train
179,64,0,train
294,116,0,train
485,88,0,train
336,25,0,train
522,119,0,train
492,9,0,train
168,46,0,train
501,115,0,train
126,28,0,train
490,82,0,train
450,18,0,train
34,118,0,train
361,60,0,train
16,23,0,train
312,114,0,train
337,59,0,train
114,88,0,train
241,73,0,train
621,21,0,train
290,6,0,train
535,22,0,train
540,74,0,train
246,39,0,train
88,67,0,train
616,8,0,train
487,86,0,train
135,60,0,train
92,52,0,train
72,118,0,train
434,42,0,train
140,107,0,train
52,9,0,train
456,64,0,train
364,107,0,train
519,79,0,train
139,63,0,train
49,82,0,train
340,112,0,train
416,27,0,train
613,93,0,train
545,56,0,train
601,26,0,train
266,70,0,train
498,40,0,train
83,94,0,train
316,88,0,train
178,77,0,train
37,88,0,train
349,21,0,train
112,51,0,train
275,69,0,train
190,30,0,train
380,76,0,train
283,116,0,train
155,110,0,train
122,40,0,train
566,25,0,train
180,50,0,train
451,48,0,train
31,5,0,train
280,35,0,train
49,59,0,train
353,100,0,train
165,104,0,train
460,23,0,train
514,67,0,train
330,18,0,train
342,67,0,train
454,12,0,train
613,9,0,train
229,54,0,train
452,44,0,train
314,112,0,train
556,73,0,train
180,105,0,train
518,67,0,train
537,4,0,train
201,90,0,train
609,8,0,train
395,108,0,train
22,72,0,train
349,43,0,train
250,55,0,train
350,27,0,train
619,116,0,train
213,113,0,train
237,114,0,train
560,98,0,train
426,77,0,train
308,34,0,train
274,12,0,train
30,28,0,train
70,22,0,train
100,102,0,train
449,24,0,train
151,119,0,train
617,81,0,train
126,63,0,train
463,11,0,train
94,26,0,train
521,57,0,train
270,48,0,train
221,107,0,train
325,42,0,train
612,82,0,train
48,70,0,train
164,75,0,train
11,43,0,train
206,42,0,train
466,27,0,train
183,25,0,train
581,8,0,train
593,33,0,train
253,28,0,train
94,33,0,train
614,57,0,train
363,108,0,train
309,41,0,train
201,73,0,train
216,2,0,train
337,43,0,train
122,105,0,train
54,9,0,train
220,59,0,train
61,44,0,train
72,97,0,train
259,111,0,train
476,16,0,train
350,57,0,train
507,45,0,train
616,103,0,train
435,89,0,train
461,118,0,train
281,86,0,train
308,109,0,train
250,69,0,train
369,31,0,train
436,36,0,train
533,50,0,train
547,59,0,train
135,70,0,train
431,85,0,train
348,8,0,train
284,65,0,train
340,44,0,train
499,84,0,train
155,40,0,train
39,61,0,train
41,8,0,train
370,33,0,train
603,21,0,train
444,7,0,train
350,22,0,train
567,35,0,train
158,82,0,train
174,14,0,train
500,95,0,train
62,2,0,train
89,76,0,train
611,14,0,train
123,44,0,train
454,119,0,train
176,56,0,train
296,39,0,train
503,4,0,train
91,77,0,train
291,70,0,train
1,67,0,train
501,83,0,train
298,65,0,train
119,62,0,train
326,96,0,train
175,75,0,train
575,20,0,train
166,63,0,train
560,101,0,train
100,72,0,train
350,39,0,train
591,103,0,train
515,92,0,train
324,57,0,train
11,119,0,train
4,37,0,train
150,54,0,train
490,25,0,train
436,80,0,train
261,16,0,train
298,72,0,train
35,120,0,train
216,90,0,train
227,81,0,train
172,72,0,train
301,43,0,train
81,102,0,train
323,64,0,train
597,108,0,train
586,77,0,train
164,70,0,train
111,32,0,train
370,102,0,train
316,100,0,train
300,99,0,train
41,88,0,train
230,83,0,train
466,95,0,train
529,49,0,train
74,80,0,train
228,9,0,train
318,11,0,train
493,48,0,train
0,70,0,train
545,84,0,train
213,28,0,train
1,94,0,train
91,84,0,train
501,16,0,train
552,84,0,train
192,66,0,train
363,85,0,train
185,55,0,train
49,22,0,train
31,74,0,train
356,33,0,train
574,58,0,train
578,58,0,train
7,86,0,train
261,86,0,train
21,72,0,train
150,33,0,train
206,89,0,train
70,119,0,train
287,97,0,train
372,25,0,train
506,52,0,train
535,72,0,train
256,25,0,train
287,116,0,train
55,84,0,train
596,118,0,train
253,37,0,train
388,118,0,train
134,42,0,train
194,57,0,train
87,51,0,train
473,44,0,train
451,108,0,train
345,57,0,train
429,43,0,train
257,6,0,train
510,104,0,train
257,40,0,train
180,85,0,train
249,102,0,train
25,16,0,train
442,77,0,train
607,100,0,train
14,119,0,train
485,34,0,train
437,60,0,train
425,46,0,train
523,68,0,train
87,98,0,train
50,0,0,train
513,57,0,train
125,21,0,train
164,107,0,train
418,78,0,train
309,79,0,train
325,46,0,train
247,93,0,train
541,3,0,train
255,76,0,train
154,65,0,train
481,76,0,train
602,74,0,train
138,63,0,train
273,78,0,train
304,38,0,train
563,80,0,train
276,76,0,train
192,77,0,train
129,99,0,train
163,74,0,train
219,45,0,train
51,49,0,train
348,107,0,train
127,95,0,train
542,90,0,train
84,89,0,train
432,64,0,train
495,109,0,train
328,78,0,train
232,97,0,train
364,76,0,train
13,26,0,train
112,105,0,train
540,28,0,train
338,87,0,train
174,90,0,train
490,13,0,train
66,51,0,train
52,90,0,train
431,41,0,train
400,106,0,train
515,40,0,train
532,59,0,train
201,77,0,train
196,52,0,train
283,67,0,train
534,91,0,train
433,41,0,train
267,38,0,train
76,88,0,train
390,6,0,train
518,13,0,train
78,73,0,train
270,85,0,train
189,25,0,train
367,6,0,train
236,16,0,train
49,27,0,train
399,88,0,train
306,102,0,train
468,116,0,train
526,17,0,train
224,92,0,train
376,51,0,train
444,46,0,train
147,51,0,train
344,107,0,train
38,64,0,train
597,56,0,train
143,86,0,train
91,0,0,train
71,80,0,train
173,7,0,train
508,73,0,train
437,70,0,train
597,75,0,train
9,45,0,train
71,95,0,train
204,4,0,train
277,99,0,train
58,117,0,train
532,14,0,train
124,17,0,train
473,94,0,train
18,80,0,train
168,2,0,train
36,65,0,train
88,62,0,train
202,50,0,train
519,87,0,train
68,107,0,train
431,88,0,train
525,30,0,train
126,62,0,train
405,45,0,train
581,4,0,train
441,78,0,train
587,74,0,train
436,34,0,train
526,56,0,train
162,87,0,train
131,34,0,train
473,102,0,train
153,27,0,train
354,107,0,train
213,109,0,train
309,13,0,train
429,118,0,train
0,63,0,train
72,72,0,train
610,3,0,train
140,97,0,train
374,105,0,train
26,72,0,train
310,72,0,train
533,106,0,train
253,83,0,train
561,23,0,train
477,49,0,train
427,80,0,train
105,79,0,train
489,45,0,train
340,69,0,train
26,60,0,train
487,60,0,train
44,94,0,train
587,84,0,train
181,96,0,train
420,66,0,train
62,19,0,train
444,51,0,train
231,84,0,train
524,68,0,train
497,4,0,train
330,117,0,train
565,7,0,train
328,28,0,train
11,18,0,train
32,99,0,train
101,62,0,train
433,25,0,train
497,63,0,train
37,59,0,train
572,120,0,train
75,22,0,train
514,80,0,train
555,63,0,train
22,41,0,train
230,82,0,train
28,21,0,train
530,21,0,train
399,4,0,train
513,89,0,train
543,67,0,train
613,70,0,train
302,63,0,train
494,48,0,train
459,80,0,train
134,38,0,train
39,31,0,train
507,82,0,train
267,96,0,train
517,110,0,train
400,12,0,train
333,12,0,train
598,43,0,train
501,51,0,train
76,45,0,train
461,36,0,train
47,120,0,train
424,68,0,train
45,72,0,train
525,72,0,train
541,37,0,train
28,63,0,train
75,91,0,train
606,87,0,train
64,74,0,train
112,104,0,train
199,50,0,train
423,42,0,train
259,82,0,train
186,87,0,train
335,83,0,train
285,89,0,train
521,78,0,train
356,97,0,train
188,50,0,train
83,32,0,train
129,9,0,train
586,119,0,train
306,45,0,train
211,84,0,train
440,55,0,train
252,60,0,train
84,28,0,train
382,0,0,train
121,85,0,train
277,81,0,train
196,10,0,train
461,68,0,train
68,79,0,train
457,92,0,train
551,45,0,train
593,61,0,train
87,16,0,train
29,73,0,train
543,28,0,train
139,82,0,train
507,43,0,train
331,41,0,train
11,98,0,train
394,65,0,train
48,99,0,train
353,24,0,train
293,43,0,train
41,52,0,train
510,35,0,train
186,34,0,train
122,15,0,train
194,101,0,train
77,20,0,train
385,13,0,train
25,45,0,train
174,44,0,train
133,64,0,train
343,22,0,train
432,82,0,train
209,98,0,train
177,36,0,train
22,32,0,train
278,107,0,train
284,108,0,train
501,11,0,train
117,76,0,train
463,95,0,train
472,76,0,train
444,4,0,train
46,51,0,train
202,61,0,train
37,18,0,train
49,102,0,train
279,25,0,train
153,72,0,train
467,39,0,train
560,61,0,train
321,49,0,train
522,50,0,train
361,96,0,train
529,116,0,train
312,70,0,train
38,17,0,train
89,24,0,train
44,6,0,train
287,11,0,train
212,49,0,train
144,50,0,train
14,116,0,train
505,6,0,train
155,63,0,train
255,64,0,train
254,4,0,train
440,79,0,train
19,3,0,train
96,27,0,train
529,115,0,train
290,2,0,train
187,48,0,train
281,31,0,train
56,50,0,train
298,40,0,train
147,116,0,train
46,26,0,train
225,12,0,train
161,92,0,train
40,19,0,train
64,44,0,train
521,117,0,train
19,98,0,train
273,75,0,train
414,79,0,train
78,84,0,train
565,111,0,train
196,76,0,train
527,42,0,train
262,116,0,train
588,100,0,train
144,9,0,train
426,2,0,train
502,100,0,train
336,65,0,train
249,106,0,train
446,5,0,train
589,33,0,train
596,8,0,train
377,40,0,train
564,89,0,train
388,116,0,train
302,78,0,train
570,91,0,train
373,106,0,train
73,46,0,train
106,69,0,train
190,76,0,train
158,108,0,train
3,63,0,train
445,64,0,train
570,55,0,train
128,65,0,train
550,74,0,train
534,64,0,train
50,84,0,train
405,6,0,train
500,67,0,train
479,17,0,train
288,116,0,train
338,5,0,train
510,45,0,train
385,11,0,train
280,97,0,train
543,81,0,train
561,4,0,train
588,111,0,train
408,17,0,train
81,65,0,train
418,6,0,train
398,119,0,train
198,9,0,train
594,119,0,train
57,114,0,train
420,105,0,train
410,104,0,train
470,91,0,train
332,59,0,train
484,44,0,train
105,95,0,train
601,63,0,train
580,120,0,train
541,102,0,train
621,88,0,train
355,25,0,train
206,16,0,train
615,43,0,train
178,14,0,train
533,114,0,train
24,110,0,train
24,32,0,train
513,88,0,train
469,87,0,train
490,111,0,train
562,53,0,train
90,80,0,train
13,62,0,train
429,51,0,train
477,94,0,train
183,80,0,train
419,11,0,train
48,108,0,train
489,41,0,train
529,44,0,train
588,90,0,train
109,90,0,train
1,6,0,train
99,76,0,train
123,101,0,train
130,20,0,train
409,11,0,train
49,48,0,train
312,39,0,train
25,72,0,train
365,53,0,train
568,72,0,train
114,92,0,train
28,9,0,train
492,14,0,train
98,28,0,train
298,56,0,train
447,101,0,train
451,84,0,train
117,6,0,train
606,21,0,train
476,99,0,train
49,118,0,train
222,32,0,train
1,69,0,train
444,12,0,train
421,82,0,train
11,17,0,train
175,108,0,train
24,115,0,train
304,103,0,train
80,107,0,train
599,41,0,train
432,112,0,train
116,80,0,train
381,12,0,train
192,109,0,train
438,12,0,train
23,114,0,train
586,6,0,train
336,35,0,train
585,10,0,train
151,91,0,train
536,62,0,train
257,45,0,train
439,21,0,train
437,21,0,train
589,6,0,train
414,114,0,train
499,5,0,train
294,42,0,train
383,90,0,train
486,36,0,train
126,33,0,train
599,20,0,train
276,71,0,train
614,9,0,train
222,87,0,train
379,92,0,train
196,26,0,train
31,99,0,train
63,89,0,train
519,29,0,train
305,67,0,train
303,44,0,train
164,104,0,train
612,37,0,train
64,45,0,train
613,115,0,train
168,85,0,train
67,4,0,train
169,31,0,train
364,31,0,train
444,30,0,train
557,110,0,train
478,73,0,train
616,99,0,train
260,45,0,train
11,66,0,train
422,67,0,train
55,81,0,train
114,86,0,train
599,112,0,train
615,111,0,train
239,30,0,train
474,51,0,train
141,81,0,train
71,51,0,train
534,77,0,train
229,47,0,train
88,120,0,train
600,44,0,train
461,47,0,train
585,26,0,train
548,44,0,train
162,26,0,train
77,11,0,train
306,3,0,train
542,95,0,train
199,6,0,train
19,102,0,train
321,19,0,train
269,59,0,train
505,57,0,train
479,102,0,train
52,2,0,train
84,84,0,train
56,43,0,train
110,71,0,train
588,48,0,train
68,23,0,train
606,120,0,train
139,31,0,train
461,63,0,train
397,36,0,train
313,16,0,train
390,103,0,train
169,103,0,train
142,25,0,train
108,47,0,train
517,71,0,train
510,72,0,train
186,7,0,train
144,26,0,train
198,37,0,train
448,99,0,train
559,119,0,train
301,11,0,train
620,82,0,train
1,16,0,train
180,21,0,train
218,88,0,train
292,95,0,train
1,93,0,train
541,6,0,train
134,119,0,train
8,42,0,train
54,113,0,train
573,27,0,train
497,106,0,train
286,110,0,train
280,32,0,train
242,45,0,train
512,28,0,train
389,35,0,train
339,8,0,train
619,95,0,train
488,46,0,train
467,76,0,train
237,96,0,train
173,114,0,train
213,97,0,train
95,20,0,train
566,57,0,train
388,27,0,train
356,50,0,train
204,55,0,train
266,45,0,train
149,79,0,train
559,72,0,train
438,113,0,train
41,55,0,train
42,108,0,train
404,88,0,train
532,93,0,train
55,76,0,train
116,102,0,train
360,26,0,train
43,67,0,train
134,65,0,train
340,21,0,train
303,81,0,train
46,103,0,train
414,30,0,train
599,73,0,train
302,93,0,train
261,89,0,train
309,103,0,train
187,36,0,train
593,88,0,train
208,77,0,train
416,68,0,train
216,22,0,train
159,85,0,train
93,102,0,train
579,15,0,train
219,22,0,train
619,56,0,train
346,50,0,train
15,69,0,train
444,11,0,train
235,49,0,train
330,83,0,train
113,70,0,train
118,95,0,train
187,120,0,train
188,79,0,train
568,104,0,train
320,114,0,train
534,75,0,train
244,66,0,train
112,89,0,train
554,84,0,train
510,54,0,train
22,25,0,train
514,15,0,train
317,95,0,train
436,94,0,train
134,88,0,train
63,39,0,train
18,84,0,train
129,35,0,train
237,17,0,train
558,119,0,train
356,88,0,train
18,60,0,train
291,24,0,train
61,63,0,train
60,101,0,train
1,27,0,train
549,5,0,train
555,107,0,train
64,83,0,train
573,58,0,train
32,116,0,train
182,56,0,train
35,89,0,train
12,97,0,train
79,64,0,train
43,110,0,train
562,80,0,train
121,67,0,train
562,81,0,train
20,99,0,train
431,53,0,train
96,37,0,train
350,19,0,train
492,108,0,train
595,74,0,train
301,104,0,train
449,115,0,train
572,93,0,train
491,100,0,train
141,66,0,train
112,83,0,train
364,93,0,train
61,5,0,train
538,74,0,train
211,96,0,train
495,17,0,train
266,80,0,train
382,108,0,train
376,27,0,train
28,12,0,train
190,61,0,train
274,60,0,train
532,11,0,train
553,33,0,train
120,21,0,train
503,90,0,train
118,58,0,train
219,117,0,train
570,111,0,train
78,8,0,train
278,43,0,train
50,104,0,train
591,8,0,train
621,58,0,train
538,89,0,train
411,51,0,train
323,9,0,train
193,14,0,train
202,81,0,train
45,41,0,train
290,11,0,train
313,6,0,train
168,47,0,train
158,99,0,train
295,47,0,train
331,39,0,train
3,107,0,train
403,82,0,train
417,114,0,train
288,105,0,train
294,28,0,train
558,96,0,train
406,94,0,train
128,92,0,train
413,53,0,train
31,7,0,train
64,117,0,train
535,73,0,train
131,72,0,train
433,34,0,train
200,114,0,train
94,85,0,train
97,80,0,train
607,27,0,train
522,73,0,train
612,112,0,train
578,49,0,train
137,36,0,train
569,21,0,train
234,97,0,train
431,10,0,train
489,71,0,train
447,46,0,train
338,0,0,train
461,20,0,train
108,62,0,train
313,11,0,train
98,109,0,train
350,95,0,train
168,94,0,train
202,87,0,train
447,59,0,train
382,37,0,train
121,34,0,train
325,44,0,train
517,79,0,train
342,69,0,train
208,96,0,train
2,97,0,train
576,60,0,train
483,12,0,train
156,101,0,train
2,16,0,train
388,65,0,train
392,4,0,train
47,96,0,train
81,12,0,train
432,84,0,train
481,23,0,train
610,39,0,train
191,42,0,train
489,2,0,train
283,61,0,train
198,2,0,train
85,85,0,train
610,55,0,train
408,47,0,train
408,3,0,train
575,87,0,train
3,98,0,train
311,38,0,train
67,45,0,train
320,28,0,train
556,33,0,train
44,85,0,train
310,108,0,train
589,21,0,train
611,61,0,train
206,57,0,train
38,55,0,train
240,96,0,train
219,28,0,train
481,90,0,train
277,38,0,train
333,17,0,train
28,102,0,train
456,86,0,train
33,46,0,train
370,64,0,train
10,99,0,train
67,75,0,train
205,67,0,train
438,20,0,train
237,102,0,train
120,36,0,train
368,66,0,train
162,59,0,train
251,117,0,train
472,92,0,train
81,49,0,train
620,30,0,train
86,17,0,train
374,90,0,train
320,101,0,train
262,17,0,train
256,72,0,train
315,106,0,train
43,53,0,train
598,93,0,train
249,55,0,train
511,107,0,train
617,69,0,train
238,84,0,train
142,87,0,train
144,81,0,train
180,80,0,train
379,74,0,train
359,81,0,train
545,27,0,train
516,3,0,train
287,85,0,train
56,110,0,train
62,23,0,train
558,108,0,train
123,62,0,train
302,27,0,train
131,32,0,train
259,110,0,train
142,85,0,train
567,78,0,train
372,33,0,train
233,42,0,train
239,42,0,train
79,0,0,train
144,44,0,train
204,32,0,train
146,46,0,train
387,96,0,train
188,72,0,train
591,16,0,train
581,58,0,train
477,62,0,train
471,96,0,train
615,49,0,train
222,107,0,train
196,87,0,train
69,32,0,train
549,46,0,train
197,18,0,train
437,107,0,train
179,45,0,train
460,57,0,train
388,55,0,train
502,57,0,train
0,18,0,train
407,108,0,train
40,18,0,train
165,34,0,train
521,74,0,train
607,113,0,train
32,42,0,train
342,105,0,train
150,25,0,train
171,89,0,train
475,26,0,train
15,70,0,train
393,25,0,train
446,69,0,train
348,104,0,train
510,113,0,train
331,72,0,train
331,53,0,train
437,55,0,train
145,76,0,train
383,81,0,train
196,101,0,train
411,10,0,train
86,2,0,train
449,60,0,train
365,33,0,train
82,112,0,train
414,2,0,train
444,64,0,train
199,20,0,train
411,92,0,train
250,94,0,train
315,70,0,train
155,38,0,train
546,33,0,train
13,89,0,train
593,9,0,train
395,120,0,train
90,87,0,train
575,110,0,train
10,67,0,train
162,16,0,train
321,70,0,train
347,58,0,train
95,17,0,train
3,84,0,train
107,107,0,train
200,80,0,train
74,96,0,train
216,63,0,train
113,59,0,train
139,43,0,train
526,18,0,train
504,104,0,train
84,56,0,train
586,76,0,train
371,12,0,train
450,19,0,train
533,102,0,train
551,50,0,train
481,89,0,train
259,107,0,train
294,107,0,train
130,49,0,train
161,89,0,train
64,59,0,train
344,95,0,train
456,102,0,train
159,95,0,train
381,107,0,train
97,30,0,train
51,109,0,train
271,40,0,train
598,106,0,train
574,1,0,train
411,38,0,train
594,79,0,train
449,47,0,train
254,60,0,train
575,93,0,train
229,34,0,train
524,55,0,train
443,70,0,train
308,93,0,train
596,66,0,train
232,101,0,train
127,63,0,train
480,11,0,train
234,15,0,train
363,39,0,train
577,35,0,train
370,57,0,train
314,9,0,train
513,63,0,train
572,7,0,train
340,104,0,train
61,102,0,train
20,71,0,train
602,42,0,train
555,67,0,train
390,47,0,train
541,71,0,train
247,70,0,train
499,14,0,train
8,20,0,train
216,64,0,train
577,84,0,train
395,16,0,train
447,73,0,train
377,26,0,train
20,38,0,train
411,13,0,train
73,36,0,train
416,38,0,train
194,55,0,train
351,11,0,train
342,61,0,train
260,52,0,train
516,15,0,train
215,85,0,train
539,8,0,train
248,29,0,train
296,20,0,train
104,103,0,train
592,68,0,train
66,58,0,train
385,67,0,train
78,29,0,train
366,16,0,train
59,22,0,train
593,14,0,train
559,99,0,train
432,110,0,train
581,117,0,train
130,81,0,train
424,97,0,train
522,57,0,train
551,49,0,train
482,9,0,train
16,117,0,train
199,44,0,train
315,20,0,train
397,46,0,train
16,72,0,train
464,42,0,train
465,112,0,train
574,107,0,train
353,89,0,train
513,45,0,train
89,98,0,train
76,113,0,train
378,108,0,train
418,74,0,train
374,71,0,train
57,64,0,train
249,46,0,train
517,2,0,train
111,45,0,train
399,13,0,train
413,15,0,train
533,53,0,train
136,23,0,train
580,82,0,train
168,26,0,train
351,66,0,train
185,119,0,train
29,50,0,train
493,43,0,train
336,2,0,train
10,52,0,train
454,107,0,train
532,24,0,train
347,22,0,train
26,76,0,train
105,61,0,train
183,72,0,train
351,110,0,train
530,50,0,train
334,112,0,train
198,96,0,train
145,59,0,train
59,85,0,train
159,3,0,train
531,76,0,train
423,86,0,train
83,26,0,train
51,30,0,train
174,88,0,train
66,44,0,train
565,50,0,train
421,80,0,train
123,22,0,train
178,42,0,train
571,40,0,train
96,71,0,train
248,53,0,train
107,60,0,train
382,12,0,train
478,44,0,train
496,54,0,train
137,4,0,train
267,67,0,train
294,48,0,train
98,33,0,train
172,114,0,train
234,12,0,train
120,97,0,train
392,26,0,train
351,74,0,train
150,22,0,train
97,18,0,train
22,7,0,train
400,84,0,train
282,101,0,train
519,100,0,train
402,12,0,train
29,80,0,train
305,104,0,train
216,33,0,train
612,26,0,train
87,94,0,train
59,33,0,train
589,1,0,train
528,71,0,train
169,27,0,train
218,77,0,train
523,12,0,train
356,80,0,train
47,77,0,train
87,66,0,train
213,83,0,train
399,114,0,train
162,32,0,train
103,104,0,train
497,75,0,train
102,88,0,train
471,46,0,train
549,66,0,train
304,24,0,train
603,114,0,train
300,37,0,train
449,37,0,train
519,8,0,train
524,98,0,train
97,2,0,train
377,12,0,train
41,50,0,train
147,63,0,train
500,54,0,train
232,79,0,train
230,105,0,train
261,22,0,train
528,77,0,train
414,8,0,train
305,30,0,train
120,4,0,train
218,117,0,train
318,92,0,train
617,10,0,train
393,72,0,train
399,41,0,train
351,59,0,train
564,32,0,train
72,58,0,train
582,82,0,train
468,86,0,train
376,26,0,train
177,17,0,train
453,7,0,train
245,62,0,train
305,13,0,train
7,25,0,train
610,44,0,train
404,22,0,train
67,89,0,train
361,116,0,train
342,0,0,train
621,30,0,train
436,112,0,train
137,87,0,train
391,53,0,train
367,65,0,train
319,98,0,train
266,106,0,train
67,59,0,train
550,57,0,train
302,84,0,train
161,38,0,train
326,39,0,train
20,113,0,train
436,83,0,train
338,58,0,train
621,102,0,train
495,114,0,train
381,110,0,train
59,16,0,train
317,52,0,train
210,56,0,train
577,104,0,train
384,84,0,train
525,68,0,train
0,77,0,train
113,84,0,train
79,72,0,train
507,37,0,train
256,7,0,train
552,11,0,train
245,16,0,train
468,51,0,train
84,63,0,train
84,33,0,train
295,14,0,train
350,46,0,train
382,47,0,train
544,74,0,train
279,58,0,train
607,77,0,train
52,81,0,train
286,88,0,train
74,25,0,train
35,20,0,train
31,103,0,train
337,67,0,train
114,30,0,train
166,69,0,train
313,94,0,train
318,97,0,train
186,29,0,train
373,86,0,train
246,22,0,train
280,50,0,train
335,118,0,train
229,72,0,train
558,11,0,train
318,15,0,train
530,94,0,train
162,89,0,train
318,66,0,train
595,66,0,train
43,36,0,train
453,68,0,train
335,101,0,train
95,67,0,train
51,51,0,train
442,113,0,train
129,59,0,train
280,19,0,train
248,4,0,train
607,68,0,train
537,97,0,train
442,34,0,train
266,32,0,train
116,64,0,train
265,7,0,train
133,39,0,train
413,48,0,train
146,59,0,train
496,105,0,train
395,53,0,train
187,111,0,train
401,3,0,train
296,63,0,train
92,109,0,train
525,93,0,train
176,8,0,train
232,57,0,train
366,9,0,train
144,108,0,train
299,99,0,train
400,66,0,train
521,26,0,train
172,47,0,train
590,67,0,train
382,44,0,train
112,59,0,train
277,86,0,train
134,58,0,train
289,107,0,train
287,8,0,train
12,75,0,train
4,36,0,train
69,75,0,train
91,60,0,train
194,7,0,train
37,103,0,train
103,39,0,train
298,63,0,train
396,33,0,train
280,22,0,train
491,72,0,train
527,1,0,train
73,27,0,train
341,71,0,train
409,105,0,train
395,22,0,train
288,57,0,train
372,112,0,train
8,71,0,train
532,94,0,train
122,84,0,train
400,5,0,train
97,59,0,train
323,120,0,train
279,90,0,train
581,103,0,train
100,54,0,train
430,91,0,train
573,50,0,train
441,6,0,train
93,44,0,train
199,8,0,train
164,113,0,train
309,119,0,train
474,52,0,train
491,95,0,train
344,108,0,train
391,100,0,train
567,20,0,train
288,62,0,train
246,120,0,train
309,56,0,train
411,15,0,train
161,96,0,train
592,92,0,train
369,86,0,train
492,43,0,train
368,97,0,train
69,17,0,train
515,21,0,train
460,85,0,train
599,25,0,train
207,29,0,train
393,24,0,train
553,71,0,train
563,90,0,train
235,75,0,train
242,2,0,train
221,100,0,train
232,86,0,train
515,65,0,train
492,84,0,train
70,50,0,train
354,48,0,train
284,8,0,train
455,22,0,train
3,92,0,train
459,56,0,train
404,9,0,train
509,59,0,train
618,77,0,train
507,63,0,train
148,84,0,train
478,115,0,train
86,54,0,train
253,71,0,train
486,44,0,train
310,59,0,train
534,31,0,train
24,23,0,train
282,106,0,train
390,100,0,train
612,27,0,train
291,18,0,train
141,93,0,train
486,33,0,train
273,104,0,train
462,105,0,train
310,64,0,train
463,28,0,train
136,39,0,train
323,48,0,train
378,110,0,train
608,47,0,train
594,91,0,train
143,98,0,train
148,56,0,train
77,66,0,train
155,89,0,train
468,23,0,train
95,105,0,train
30,40,0,train
229,76,0,train
206,33,0,train
19,91,0,train
113,101,0,train
189,102,0,train
353,64,0,train
417,28,0,train
156,95,0,train
383,118,0,train
591,9,0,train
129,43,0,train
191,31,0,train
169,47,0,train
430,87,0,train
162,69,0,train
392,43,0,train
402,47,0,train
580,57,0,train
551,73,0,train
520,91,0,train
457,115,0,train
122,19,0,train
298,36,0,train
341,101,0,train
58,0,0,train
573,42,0,train
301,44,0,train
586,31,0,train
248,37,0,train
96,72,0,train
470,67,0,train
448,58,0,train
1,7,1,test
1,12,1,test
4,0,1,test
4,9,1,test
4,17,1,test
13,0,1,test
13,27,1,test
14,5,1,test
14,34,1,test
20,0,1,test
20,1,1,test
20,5,1,test
20,9,1,test
20,10,1,test
21,40,1,test
21,41,1,test
27,0,1,test
27,9,1,test
32,0,1,test
32,1,1,test
32,3,1,test
32,5,1,test
32,10,1,test
32,13,1,test
32,47,1,test
32,49,1,test
32,50,1,test
32,51,1,test
34,0,1,test
34,5,1,test
34,18,1,test
34,50,1,test
34,52,1,test
34,53,1,test
34,54,1,test
34,55,1,test
40,0,1,test
40,1,1,test
40,3,1,test
40,5,1,test
40,52,1,test
40,57,1,test
41,13,1,test
41,17,1,test
41,18,1,test
41,51,1,test
41,58,1,test
47,0,1,test
47,1,1,test
47,5,1,test
47,9,1,test
47,10,1,test
47,13,1,test
47,17,1,test
47,18,1,test
47,52,1,test
47,57,1,test
52,0,1,test
52,1,1,test
52,3,1,test
52,5,1,test
52,37,1,test
52,57,1,test
58,13,1,test
58,18,1,test
58,26,1,test
62,0,1,test
62,1,1,test
62,5,1,test
62,52,1,test
64,5,1,test
64,31,1,test
71,5,1,test
71,18,1,test
71,65,1,test
80,10,1,test
80,13,1,test
87,0,1,test
87,5,1,test
87,13,1,test
87,19,1,test
87,50,1,test
91,1,1,test
91,52,1,test
98,0,1,test
98,5,1,test
98,13,1,test
99,13,1,test
99,52,1,test
102,0,1,test
102,1,1,test
105,0,1,test
105,5,1,test
105,10,1,test
105,75,1,test
106,0,1,test
106,5,1,test
106,10,1,test
106,57,1,test
121,1,1,test
121,5,1,test
121,29,1,test
121,57,1,test
121,77,1,test
121,78,1,test
128,1,1,test
128,26,1,test
128,52,1,test
130,0,1,test
130,1,1,test
130,3,1,test
130,5,1,test
130,10,1,test
130,14,1,test
130,16,1,test
130,18,1,test
130,29,1,test
130,34,1,test
130,84,1,test
134,0,1,test
134,1,1,test
134,5,1,test
134,7,1,test
134,9,1,test
134,10,1,test
134,16,1,test
134,17,1,test
134,27,1,test
134,52,1,test
138,0,1,test
138,1,1,test
138,5,1,test
138,16,1,test
138,31,1,test
138,38,1,test
156,0,1,test
156,1,1,test
156,3,1,test
156,5,1,test
156,9,1,test
156,10,1,test
156,29,1,test
156,51,1,test
160,1,1,test
160,52,1,test
160,75,1,test
161,1,1,test
161,13,1,test
166,0,1,test
166,5,1,test
166,13,1,test
166,14,1,test
166,18,1,test
166,84,1,test
178,1,1,test
178,52,1,test
187,0,1,test
187,1,1,test
187,5,1,test
187,14,1,test
187,16,1,test
187,18,1,test
187,84,1,test
189,0,1,test
189,3,1,test
189,5,1,test
189,7,1,test
189,16,1,test
189,29,1,test
189,34,1,test
189,97,1,test
191,1,1,test
191,5,1,test
191,29,1,test
191,52,1,test
200,0,1,test
200,3,1,test
200,5,1,test
200,13,1,test
200,29,1,test
200,38,1,test
201,18,1,test
201,53,1,test
201,54,1,test
201,55,1,test
205,7,1,test
205,10,1,test
205,14,1,test
206,0,1,test
206,5,1,test
206,7,1,test
206,10,1,test
206,13,1,test
206,29,1,test
206,43,1,test
214,0,1,test
214,1,1,test
214,5,1,test
214,10,1,test
214,13,1,test
214,16,1,test
214,29,1,test
214,48,1,test
214,52,1,test
214,57,1,test
216,0,1,test
216,1,1,test
216,5,1,test
216,13,1,test
216,16,1,test
216,17,1,test
216,18,1,test
216,19,1,test
216,52,1,test
216,57,1,test
216,100,1,test
217,5,1,test
217,19,1,test
230,0,1,test
230,13,1,test
230,52,1,test
241,0,1,test
241,1,1,test
241,5,1,test
241,6,1,test
241,7,1,test
241,8,1,test
241,10,1,test
241,13,1,test
241,17,1,test
241,29,1,test
241,31,1,test
241,32,1,test
241,34,1,test
241,35,1,test
241,38,1,test
241,57,1,test
241,91,1,test
241,97,1,test
241,103,1,test
241,112,1,test
241,113,1,test
243,0,1,test
243,1,1,test
243,5,1,test
243,6,1,test
243,7,1,test
243,9,1,test
243,13,1,test
243,16,1,test
243,17,1,test
243,18,1,test
243,32,1,test
243,34,1,test
243,35,1,test
243,52,1,test
243,57,1,test
243,97,1,test
243,112,1,test
243,113,1,test
251,0,1,test
251,13,1,test
251,16,1,test
251,51,1,test
251,52,1,test
252,0,1,test
252,1,1,test
252,3,1,test
252,5,1,test
252,13,1,test
252,29,1,test
252,31,1,test
252,48,1,test
252,52,1,test
254,0,1,test
254,5,1,test
254,6,1,test
254,7,1,test
254,13,1,test
254,16,1,test
254,29,1,test
254,38,1,test
254,51,1,test
254,52,1,test
269,1,1,test
269,52,1,test
270,5,1,test
270,18,1,test
270,49,1,test
270,52,1,test
270,65,1,test
273,0,1,test
273,1,1,test
273,3,1,test
273,5,1,test
273,10,1,test
273,16,1,test
273,17,1,test
276,0,1,test
276,5,1,test
282,0,1,test
282,3,1,test
282,5,1,test
282,6,1,test
282,10,1,test
282,13,1,test
282,14,1,test
282,50,1,test
282,52,1,test
282,66,1,test
282,84,1,test
288,5,1,test
288,29,1,test
295,1,1,test
295,52,1,test
308,5,1,test
308,19,1,test
308,27,1,test
308,29,1,test
313,1,1,test
313,3,1,test
313,7,1,test
313,13,1,test
313,52,1,test
313,57,1,test
315,1,1,test
315,5,1,test
315,7,1,test
315,10,1,test
315,19,1,test
315,29,1,test
315,52,1,test
330,0,1,test
330,1,1,test
330,3,1,test
330,5,1,test
330,10,1,test
337,0,1,test
337,52,1,test
337,66,1,test
339,0,1,test
339,1,1,test
339,3,1,test
339,7,1,test
339,27,1,test
339,52,1,test
339,56,1,test
339,57,1,test
343,5,1,test
343,10,1,test
343,29,1,test
345,1,1,test
345,52,1,test
351,0,1,test
351,1,1,test
351,5,1,test
351,10,1,test
351,29,1,test
351,56,1,test
351,82,1,test
358,0,1,test
358,10,1,test
366,1,1,test
366,52,1,test
372,1,1,test
372,52,1,test
378,1,1,test
378,5,1,test
378,52,1,test
379,0,1,test
379,1,1,test
379,6,1,test
379,7,1,test
379,13,1,test
379,52,1,test
379,57,1,test
385,1,1,test
385,52,1,test
387,1,1,test
387,52,1,test
389,1,1,test
389,52,1,test
391,0,1,test
391,1,1,test
391,5,1,test
391,7,1,test
391,13,1,test
391,16,1,test
391,18,1,test
391,29,1,test
391,52,1,test
391,56,1,test
392,5,1,test
392,16,1,test
392,29,1,test
397,1,1,test
397,52,1,test
401,1,1,test
401,52,1,test
406,1,1,test
406,52,1,test
413,1,1,test
413,52,1,test
418,1,1,test
418,52,1,test
427,1,1,test
427,52,1,test
435,1,1,test
435,52,1,test
454,0,1,test
454,5,1,test
454,29,1,test
454,66,1,test
454,91,1,test
455,0,1,test
455,1,1,test
455,3,1,test
455,5,1,test
455,52,1,test
455,66,1,test
458,10,1,test
458,50,1,test
459,0,1,test
459,5,1,test
459,29,1,test
460,1,1,test
460,5,1,test
460,18,1,test
460,34,1,test
461,0,1,test
461,17,1,test
461,19,1,test
461,76,1,test
466,1,1,test
466,51,1,test
466,52,1,test
471,0,1,test
471,1,1,test
471,9,1,test
471,52,1,test
474,0,1,test
474,5,1,test
474,29,1,test
475,0,1,test
475,5,1,test
475,18,1,test
475,52,1,test
476,0,1,test
476,7,1,test
484,0,1,test
484,7,1,test
489,0,1,test
489,7,1,test
491,0,1,test
491,7,1,test
491,64,1,test
492,0,1,test
492,1,1,test
492,7,1,test
498,5,1,test
498,29,1,test
502,0,1,test
502,7,1,test
504,5,1,test
504,29,1,test
508,1,1,test
508,5,1,test
508,29,1,test
510,5,1,test
510,29,1,test
518,5,1,test
518,29,1,test
520,5,1,test
520,13,1,test
520,29,1,test
533,1,1,test
533,52,1,test
539,1,1,test
539,18,1,test
541,1,1,test
541,52,1,test
543,13,1,test
543,52,1,test
550,0,1,test
550,5,1,test
550,29,1,test
555,1,1,test
555,10,1,test
560,5,1,test
560,29,1,test
561,1,1,test
561,52,1,test
562,1,1,test
562,3,1,test
562,5,1,test
562,6,1,test
562,13,1,test
562,29,1,test
562,50,1,test
562,52,1,test
562,57,1,test
564,0,1,test
564,1,1,test
564,10,1,test
564,16,1,test
564,52,1,test
564,67,1,test
566,1,1,test
566,52,1,test
574,5,1,test
574,29,1,test
578,1,1,test
578,52,1,test
578,57,1,test
604,0,1,test
604,5,1,test
604,6,1,test
604,13,1,test
604,29,1,test
604,52,1,test
606,0,1,test
606,14,1,test
614,0,1,test
614,5,1,test
614,7,1,test
614,10,1,test
614,29,1,test
614,50,1,test
614,52,1,test
616,0,1,test
616,1,1,test
616,5,1,test
616,16,1,test
616,52,1,test
616,56,1,test
619,0,1,test
619,1,1,test
619,5,1,test
619,7,1,test
619,13,1,test
619,16,1,test
323,3,0,test
33,48,0,test
190,7,0,test
328,9,0,test
568,0,0,test
39,13,0,test
199,16,0,test
336,66,0,test
360,34,0,test
35,10,0,test
217,17,0,test
36,29,0,test
125,9,0,test
328,116,0,test
149,42,0,test
199,18,0,test
275,0,0,test
213,52,0,test
126,3,0,test
54,37,0,test
559,38,0,test
289,7,0,test
43,29,0,test
199,52,0,test
250,53,0,test
250,116,0,test
499,9,0,test
117,13,0,test
575,10,0,test
17,9,0,test
199,10,0,test
35,5,0,test
179,49,0,test
615,116,0,test
199,27,0,test
217,10,0,test
239,5,0,test
117,9,0,test
20,37,0,test
508,65,0,test
213,38,0,test
575,38,0,test
102,3,0,test
150,3,0,test
339,13,0,test
125,3,0,test
34,16,0,test
328,16,0,test
575,56,0,test
250,1,0,test
102,94,0,test
615,6,0,test
199,116,0,test
217,27,0,test
17,3,0,test
149,39,0,test
102,16,0,test
328,30,0,test
156,116,0,test
33,97,0,test
328,10,0,test
199,9,0,test
213,17,0,test
328,6,0,test
17,39,0,test
43,40,0,test
359,116,0,test
615,71,0,test
33,10,0,test
134,116,0,test
35,17,0,test
575,6,0,test
193,64,0,test
508,0,0,test
250,52,0,test
190,59,0,test
239,116,0,test
328,45,0,test
170,3,0,test
150,59,0,test
328,39,0,test
328,37,0,test
575,39,0,test
102,48,0,test
120,55,0,test
125,13,0,test
184,66,0,test
422,59,0,test
102,59,0,test
120,76,0,test
359,34,0,test
575,34,0,test
5,109,0,test
75,52,0,test
606,43,0,test
213,22,0,test
575,19,0,test
8,60,0,test
213,39,0,test
43,10,0,test
33,116,0,test
120,6,0,test
39,17,0,test
575,18,0,test
193,52,0,test
117,116,0,test
217,7,0,test
120,42,0,test
250,75,0,test
360,52,0,test
213,94,0,test
179,34,0,test
8,16,0,test
142,13,0,test
13,1,0,test
70,0,0,test
142,42,0,test
328,48,0,test
360,116,0,test
4,13,0,test
222,43,0,test
125,52,0,test
576,7,0,test
618,3,0,test
213,30,0,test
615,3,0,test
54,0,0,test
142,97,0,test
530,16,0,test
33,39,0,test
40,13,0,test
34,10,0,test
193,116,0,test
184,38,0,test
328,42,0,test
213,16,0,test
43,39,0,test
179,51,0,test
33,9,0,test
117,52,0,test
115,0,0,test
125,116,0,test
75,10,0,test
181,7,0,test
40,6,0,test
125,5,0,test
102,39,0,test
245,3,0,test
33,94,0,test
313,17,0,test
193,26,0,test
36,6,0,test
33,17,0,test
575,111,0,test
150,39,0,test
575,17,0,test
39,10,0,test
193,5,0,test
12,39,0,test
142,27,0,test
35,13,0,test
213,0,0,test
17,116,0,test
12,116,0,test
239,8,0,test
125,39,0,test
217,39,0,test
150,7,0,test
33,96,0,test
33,66,0,test
213,34,0,test
213,116,0,test
34,6,0,test
339,17,0,test
33,37,0,test
36,9,0,test
149,10,0,test
193,18,0,test
332,0,0,test
75,116,0,test
36,18,0,test
77,7,0,test
184,3,0,test
77,1,0,test
222,71,0,test
33,7,0,test
17,17,0,test
575,37,0,test
6,34,0,test
193,9,0,test
328,59,0,test
132,52,0,test
8,1,0,test
17,5,0,test
56,0,0,test
142,26,0,test
6,52,0,test
36,59,0,test
360,9,0,test
43,16,0,test
575,16,0,test
120,18,0,test
132,9,0,test
0,37,0,test
102,30,0,test
40,39,0,test
184,1,0,test
213,13,0,test
17,13,0,test
328,26,0,test
39,39,0,test
120,7,0,test
618,59,0,test
36,116,0,test
328,94,0,test
463,7,0,test
120,51,0,test
328,17,0,test
319,3,0,test
39,29,0,test
75,0,0,test
149,7,0,test
149,59,0,test
6,37,0,test
213,19,0,test
213,5,0,test
70,34,0,test
213,67,0,test
217,59,0,test
559,39,0,test
422,10,0,test
422,11,0,test
43,27,0,test
575,59,0,test
508,18,0,test
217,34,0,test
35,6,0,test
26,10,0,test
499,75,0,test
328,52,0,test
75,7,0,test
199,39,0,test
575,9,0,test
328,18,0,test
213,48,0,test
618,37,0,test
149,26,0,test
149,3,0,test
17,67,0,test
618,0,0,test
217,0,0,test
75,3,0,test
6,39,0,test
102,10,0,test
40,29,0,test
43,6,0,test
380,116,0,test
36,17,0,test
217,37,0,test
360,1,0,test
43,20,0,test
582,0,0,test
214,34,0,test
150,0,0,test
17,64,0,test
12,10,0,test
171,59,0,test
508,19,0,test
75,13,0,test
12,52,0,test
472,7,0,test
250,5,0,test
17,18,0,test
131,6,0,test
106,34,0,test
6,116,0,test
102,26,0,test
6,17,0,test
575,97,0,test
213,75,0,test
380,9,0,test
120,38,0,test
9,13,0,test
6,10,0,test
125,10,0,test
34,37,0,test
116,0,0,test
313,5,0,test
250,27,0,test
213,10,0,test
606,17,0,test
199,17,0,test
213,23,0,test
599,34,0,test
380,0,0,test
24,37,0,test
60,34,0,test
618,40,0,test
34,1,0,test
34,66,0,test
359,9,0,test
150,26,0,test
606,59,0,test
422,39,0,test
615,16,0,test
43,64,0,test
156,52,0,test
199,5,0,test
191,34,0,test
26,39,0,test
250,17,0,test
575,116,0,test
125,17,0,test
131,37,0,test
34,42,0,test
184,59,0,test
16,7,0,test
217,14,0,test
222,26,0,test
34,39,0,test
40,7,0,test
36,39,0,test
17,52,0,test
222,18,0,test
287,7,0,test
125,1,0,test
199,34,0,test
17,10,0,test
10,1,0,test
132,116,0,test
575,40,0,test
575,5,0,test
149,34,0,test
471,116,0,test
575,52,0,test
199,70,0,test
190,56,0,test
250,67,0,test
43,7,0,test
40,10,0,test
377,7,0,test
75,39,0,test
150,34,0,test
75,16,0,test
102,18,0,test
149,0,0,test
199,37,0,test
530,42,0,test
213,3,0,test
198,59,0,test
142,75,0,test
193,75,0,test
102,37,0,test
606,5,0,test
250,64,0,test
34,13,0,test
25,109,0,test
415,3,0,test
75,9,0,test
239,39,0,test
33,30,0,test
217,26,0,test
125,37,0,test
8,64,0,test
63,76,0,test
339,5,0,test
33,3,0,test
583,0,0,test
508,8,0,test
239,13,0,test
102,96,0,test
39,6,0,test
328,13,0,test
35,39,0,test
191,0,0,test
120,14,0,test
193,42,0,test
213,96,0,test
8,109,0,test
239,9,0,test
222,102,0,test
33,1,0,test
61,0,0,test
328,84,0,test
193,16,0,test
584,66,0,test
250,18,0,test
188,7,0,test
102,13,0,test
36,10,0,test
12,37,0,test
328,96,0,test
142,3,0,test
190,13,0,test
213,27,0,test
239,52,0,test
33,5,0,test
63,51,0,test
33,18,0,test
499,116,0,test
190,111,0,test
179,76,0,test
328,34,0,test
530,5,0,test
179,13,0,test
131,7,0,test
15,0,0,test
615,52,0,test
562,19,0,test
542,23,0,test
299,45,0,test
161,29,0,test
134,98,0,test
244,108,0,test
263,82,0,test
437,61,0,test
605,79,0,test
528,67,0,test
173,56,0,test
563,84,0,test
573,40,0,test
336,84,0,test
48,47,0,test
60,18,0,test
522,67,0,test
171,49,0,test
358,12,0,test
357,42,0,test
351,111,0,test
234,7,0,test
337,117,0,test
470,112,0,test
460,77,0,test
594,3,0,test
217,8,0,test
612,59,0,test
96,14,0,test
27,15,0,test
104,72,0,test
591,57,0,test
350,30,0,test
163,110,0,test
499,8,0,test
332,88,0,test
407,104,0,test
268,40,0,test
614,77,0,test
469,36,0,test
27,94,0,test
280,106,0,test
555,37,0,test
543,23,0,test
34,21,0,test
560,64,0,test
41,44,0,test
549,44,0,test
280,91,0,test
421,25,0,test
385,86,0,test
210,69,0,test
318,14,0,test
344,0,0,test
23,109,0,test
239,100,0,test
21,39,0,test
104,26,0,test
123,18,0,test
307,91,0,test
329,87,0,test
143,68,0,test
339,54,0,test
532,2,0,test
527,57,0,test
296,65,0,test
522,48,0,test
142,88,0,test
408,98,0,test
94,114,0,test
454,49,0,test
545,78,0,test
290,31,0,test
423,41,0,test
590,92,0,test
242,34,0,test
127,31,0,test
111,89,0,test
543,116,0,test
153,80,0,test
89,60,0,test
423,70,0,test
226,8,0,test
68,104,0,test
281,109,0,test
167,113,0,test
409,32,0,test
15,32,0,test
485,101,0,test
298,119,0,test
123,70,0,test
549,60,0,test
331,98,0,test
176,111,0,test
334,16,0,test
67,23,0,test
314,117,0,test
518,6,0,test
72,77,0,test
473,79,0,test
298,78,0,test
264,111,0,test
129,100,0,test
446,102,0,test
370,51,0,test
47,8,0,test
604,111,0,test
32,71,0,test
577,89,0,test
45,112,0,test
459,47,0,test
467,23,0,test
277,105,0,test
251,81,0,test
415,68,0,test
541,97,0,test
126,17,0,test
262,20,0,test
212,102,0,test
85,73,0,test
441,95,0,test
493,111,0,test
292,81,0,test
188,75,0,test
360,74,0,test
422,30,0,test
141,30,0,test
431,31,0,test
555,41,0,test
164,22,0,test
7,56,0,test
566,46,0,test
450,31,0,test
